Date,CAD_Holdings_MV,USD_Holdings_MV,CAD_Cash,USD_Cash,Total_Cash_CAD,Total_Holdings_CAD,Total_Portfolio_Value
2022-05-02,0.0,0.0,101644.99,0.0,101644.99,0.0,101644.99
2022-05-03,0.0,0.0,101644.99,0.0,101644.99,0.0,101644.99
2022-05-04,0.0,0.0,101644.99,0.0,101644.99,0.0,101644.99
2022-05-05,0.0,5591.409881591797,91987.0715887332,0.0,91987.0715887332,7121.890739848539,99108.96232858175
2022-05-06,0.0,5456.320007324219,91987.0715887332,0.0,91987.0715887332,6998.82136014093,98985.89294887413
2022-05-09,0.0,5186.750030517578,91987.0715887332,0.0,91987.0715887332,6700.347680056802,98687.41926879
2022-05-10,0.0,5164.64990234375,91987.0715887332,0.0,91987.0715887332,6718.38328318618,98705.45487191938
2022-05-11,0.0,5116.710021972656,91987.0715887332,0.0,91987.0715887332,6667.687251081596,98654.75883981481
2022-05-12,0.0,5090.599945068359,91987.0715887332,0.0,91987.0715887332,6614.929326417212,98602.00091515042
2022-05-13,0.0,5290.319915771484,91987.0715887332,0.0,91987.0715887332,6889.636476230604,98876.70806496381
2022-05-16,0.0,5228.810028076172,91987.0715887332,0.0,91987.0715887332,6748.82488781758,98735.89647655078
2022-05-17,0.0,5418.779876708984,91987.0715887332,0.0,91987.0715887332,6963.131960699753,98950.20354943296
2022-05-18,0.0,5246.380035400391,91987.0715887332,0.0,91987.0715887332,6719.616005335967,98706.68759406917
2022-05-19,0.0,5220.059967041016,91987.0715887332,0.0,91987.0715887332,6725.6294640037595,98712.70105273696
2022-05-20,0.0,5208.100051879883,91987.0715887332,0.0,91987.0715887332,6676.575997341752,98663.64758607495
2022-05-23,0.0,5362.470062255859,91987.0715887332,0.0,91987.0715887332,6870.3969188980955,98857.4685076313
2022-05-24,0.0,5271.690032958984,91987.0715887332,0.0,91987.0715887332,6740.962802465885,98728.0343911991
2022-05-25,0.0,5407.320037841797,91987.0715887332,0.0,91987.0715887332,6933.482224573407,98920.55381330661
2022-05-26,0.0,5494.730072021484,91987.0715887332,0.0,91987.0715887332,7044.353697482966,99031.42528621617
2022-05-27,0.0,5616.340057373047,91987.0715887332,0.0,91987.0715887332,7173.751156353825,99160.82274508703
2022-05-30,0.0,5616.340057373047,91987.0715887332,0.0,91987.0715887332,7146.062491033819,99133.13407976703
2022-05-31,0.0,5592.3099365234375,91987.0715887332,0.0,91987.0715887332,7077.179940098038,99064.25152883124
2022-06-01,0.0,5484.259948730469,91987.0715887332,0.0,91987.0715887332,6931.556377237066,98918.62796597027
2022-06-02,0.0,5691.639892578125,91987.0715887332,0.0,91987.0715887332,7208.632883318001,99195.7044720512
2022-06-03,0.0,5570.379974365234,91987.0715887332,7.28,91996.2224027133,7001.855898887996,98998.0783016013
2022-06-06,0.0,5598.540100097656,91987.0715887332,7.28,91996.23339568854,7045.706542419059,99041.9399381076
2022-06-07,0.0,5700.739929199219,91987.0715887332,7.28,91996.22982885122,7171.5309233556545,99167.76075220687
2022-06-08,0.0,5639.169921875,91987.0715887332,7.28,91996.19823326827,7069.601559035946,99065.79979230421
2022-06-09,0.0,5412.5999755859375,91987.0715887332,7.28,91996.2094449401,6793.895643178825,98790.10508811893
2022-06-10,0.0,5218.790008544922,91987.0715887332,7.28,91996.31915426017,6629.272331796044,98625.59148605622
2022-06-13,0.0,4915.73991394043,91987.0715887332,7.28,91996.3882415557,6290.967327453573,98287.35556900928
2022-06-14,0.0,4903.5001220703125,91987.0715887332,7.28,91996.45550898314,6320.611825696949,98317.06733468009
2022-06-15,0.0,4973.9901123046875,91987.0715887332,7.28,91996.49540288688,6438.730552274428,98435.22595516131
2022-06-16,0.0,4688.5400390625,91987.0715887332,7.28,91996.44342426062,6035.745344755123,98032.18876901575
2022-06-17,0.0,4678.250061035156,91987.0715887332,7.28,91996.50195510627,6060.111546752996,98056.61350185928
2022-06-20,0.0,4678.250061035156,91987.0715887332,7.28,91996.5359528804,6081.959086433126,98078.49503931352
2022-06-21,0.0,4734.760070800781,91987.0715887332,7.28,91996.52233901739,6146.570753394968,98143.09309241237
2022-06-22,0.0,4774.429977416992,91987.0715887332,7.28,91996.48601195098,6174.245114152203,98170.73112610319
2022-06-23,0.0,4781.6400146484375,91987.0715887332,7.28,91996.50923544646,6198.822687942884,98195.33192338934
2022-06-24,0.0,4986.339981079102,91987.0715887332,7.28,91996.52619745016,6475.809539953321,98472.33573740348
2022-06-27,0.0,4941.189956665039,91987.0715887332,7.28,91996.4606778598,6372.702320676399,98369.1629985362
2022-06-28,0.0,4814.570129394531,91987.0715887332,7.28,91996.4402210498,6195.870508891676,98192.31072994147
2022-06-29,0.0,4798.309982299805,91987.0715887332,7.28,91996.44313266517,6176.864395369494,98173.30752803467
2022-06-30,0.0,4715.800155639648,91987.0715887332,7.28,91996.45063083411,6075.506620769929,98071.95725160404
2022-07-01,0.0,4804.080017089844,91987.0715887332,7.28,91996.44364208938,6184.628330697698,98181.07197278707
2022-07-04,0.0,4804.080017089844,91987.0715887332,7.28,91996.45259649993,6190.537356082641,98186.98995258257
2022-07-05,0.0,4823.340057373047,91987.0715887332,7.28,91996.43170316459,6201.513032757775,98197.94473592237
2022-07-06,0.0,4787.01008605957,91987.0715887332,7.28,91996.5609233451,6239.772046308315,98236.3329696534
2022-07-07,0.0,4911.230133056641,91987.0715887332,9.73,91999.75367111922,6401.297550268529,98401.05122138775
2022-07-08,0.0,4861.059921264648,91987.0715887332,9.73,91999.68750657917,6302.850216956334,98302.5377235355
2022-07-11,0.0,4822.390060424805,91987.0715887332,9.73,91999.66901999117,6243.548539083904,98243.21755907507
2022-07-12,0.0,4821.739944458008,91987.0715887332,9.73,91999.71552875757,6265.754436882293,98265.46996563987
2022-07-13,0.0,4828.769943237305,91987.0715887332,9.73,91999.75104393126,6292.515124045802,98292.26616797707
2022-07-14,0.0,4836.5899658203125,91987.0715887332,9.73,91999.72146399856,6288.002032612349,98287.72349661091
2022-07-15,0.0,4968.610000610352,91987.0715887332,9.73,91999.82567230822,6512.853771779692,98512.6794440879
2022-07-18,0.0,4925.210021972656,91987.0715887332,9.73,91999.72973529101,6407.402907103213,98407.13264239422
2022-07-19,0.0,5131.580078125,91987.0715887332,9.73,91999.70239397766,6661.4582284763455,98661.160622454
2022-07-20,0.0,5197.22998046875,91987.0715887332,9.73,91999.59497388722,6689.302443923138,98688.89741781035
2022-07-21,0.0,5286.520050048828,91987.0715887332,9.73,91999.60674809695,6810.623978109346,98810.2307262063
2022-07-22,0.0,5142.920120239258,91987.0715887332,9.73,91999.60188228966,6623.0522964008505,98622.65417869051
2022-07-25,0.0,5249.04997253418,91987.0715887332,9.73,91999.64722419024,6784.186942484048,98783.83416667429
2022-07-26,0.0,5199.679931640625,91987.0715887332,9.73,91999.57531927348,6681.952390638529,98681.52770991201
2022-07-27,0.0,5300.989898681641,91987.0715887332,9.73,91999.59769850732,6824.335188319506,98823.93288682683
2022-07-28,0.0,5445.050109863281,91987.0715887332,9.73,91999.54262731195,6978.975332304712,98978.51795961667
2022-07-29,0.0,5486.869934082031,91987.0715887332,9.73,91999.53279942513,7027.034150853651,99026.56695027878
2022-08-01,0.0,5456.4600830078125,91987.0715887332,9.73,91999.54116698982,6992.780679251649,98992.32184624147
2022-08-02,0.0,5471.2100830078125,91987.0715887332,9.73,91999.56792487027,7026.729730084029,99026.2976549543
2022-08-03,0.0,5621.049957275391,91987.0715887332,9.73,91999.61151531221,7244.352904534062,99243.96441984628
2022-08-04,0.0,5652.030090332031,91987.0715887332,9.73,91999.57814132572,7264.893276384399,99264.47141771013
2022-08-05,0.0,5620.2701416015625,91987.0715887332,9.73,91999.59429302216,7233.399897979951,99232.99419100212
2022-08-08,0.0,5665.200134277344,91987.0715887332,9.73,91999.66658766747,7333.318566664282,99332.98515433175
2022-08-09,0.0,5524.940124511719,91987.0715887332,9.73,91999.58144937873,7103.415316809165,99102.99676618789
2022-08-10,0.0,5720.420013427734,91987.0715887332,9.73,91999.60956898928,7371.275764115664,99370.88533310495
2022-08-11,0.0,5721.460052490234,91987.0715887332,17.01,92008.8001630187,7308.593167083833,99317.39333010254
2022-08-12,0.0,5782.790008544922,91987.0715887332,17.01,92008.78128263832,7380.5174017088975,99389.29868434722
2022-08-15,0.0,5810.870025634766,91987.0715887332,17.01,92008.80951905728,7426.001630777166,99434.81114983445
2022-08-16,0.0,5797.290130615234,91987.0715887332,17.01,92009.02061188937,7480.591141674711,99489.61175356408
2022-08-17,0.0,5662.249969482422,91987.0715887332,17.01,92008.92161510588,7273.386899579495,99282.30851468537
2022-08-18,0.0,5690.479888916016,91987.0715887332,17.01,92009.04476644755,7350.848082250086,99359.89284869764
2022-08-19,0.0,5619.800018310547,91987.0715887332,17.01,92009.09460651518,7276.011507018502,99285.10611353368
2022-08-22,0.0,5486.270080566406,91987.0715887332,17.01,92009.18509891511,7132.315654748949,99141.50075366406
2022-08-23,0.0,5466.130096435547,91987.0715887332,17.01,92009.26640763522,7132.261468856232,99141.52787649145
2022-08-24,0.0,5467.6700439453125,91987.0715887332,17.01,92009.11314623356,7085.00668234154,99094.1198285751
2022-08-25,0.0,5570.870178222656,91987.0715887332,17.01,92009.13406855823,7225.585591701471,99234.7196602597
2022-08-26,0.0,5302.359893798828,91987.0715887332,17.01,92009.07844534755,6859.9808289545945,98869.05927430214
2022-08-29,0.0,5249.390075683594,91987.0715887332,17.01,92009.28886091114,6856.386130488616,98865.67499139975
2022-08-30,0.0,5197.2900390625,91987.0715887332,17.01,92009.18680019738,6757.152748646331,98766.33954884371
2022-08-31,0.0,5128.090087890625,91987.0715887332,17.01,92009.33682733776,6712.4132505872985,98721.75007792505
2022-09-01,0.0,5133.769927978516,91987.0715887332,17.01,92009.42477085591,6746.390016236452,98755.81478709236
2022-09-02,0.0,5077.839904785156,91987.0715887332,17.01,92009.43123329521,6674.820424089739,98684.25165738494
2022-09-06,0.0,5083.439880371094,91987.0715887332,17.01,92009.40401683451,6674.047950362998,98683.4519671975
2022-09-07,0.0,5230.699859619141,91987.0715887332,17.01,92009.44620214582,6880.357862223213,98889.80406436903
2022-09-08,0.0,5281.550018310547,91987.0715887332,17.01,92009.40554778576,6934.622095415027,98944.0276432008
2022-09-09,0.0,5443.970123291016,91987.0715887332,17.01,92009.32202881813,7121.148210021092,99130.47023883922
2022-09-12,0.0,5482.580169677734,91987.0715887332,17.01,92009.2237113309,7139.964025302135,99149.18773663303
2022-09-13,0.0,5210.6400146484375,91987.0715887332,17.01,92009.1503980291,6763.358447558523,98772.50884558762
2022-09-14,0.0,5209.970123291016,91987.0715887332,17.01,92009.46117099644,6857.675171334591,98867.13634233102
2022-09-15,0.0,5134.399841308594,91987.0715887332,17.01,92009.45760012866,6757.127181443473,98766.58478157214
2022-09-16,0.0,5055.970031738281,91987.0715887332,17.01,92009.60473569752,6697.643490435854,98707.24822613338
2022-09-19,0.0,5065.509979248047,91987.0715887332,17.01,92009.6237864089,6715.954284553678,98725.57807096258
2022-09-20,0.0,4999.5499267578125,91987.0715887332,17.01,92009.59861189246,6621.103879246177,98630.70249113864
2022-09-21,0.0,4860.25993347168,91987.0715887332,17.01,92009.802051996,6494.765424186908,98504.5674761829
2022-09-22,0.0,4764.2799072265625,91987.0715887332,17.01,92009.99885730149,6421.629921659667,98431.62877896115
2022-09-23,0.0,4661.419937133789,91987.0715887332,17.01,92009.98593039514,6279.445565503604,98289.43149589874
2022-09-26,0.0,4599.829833984375,91987.0715887332,17.01,92010.17253003479,6246.937036575488,98257.10956661028
2022-09-27,0.0,4566.4801025390625,91987.0715887332,17.01,92010.39331956745,6260.918272272465,98271.31159183991
2022-09-28,0.0,4686.899871826172,91987.0715887332,17.01,92010.41356056811,6431.598165852647,98442.01172642075
2022-09-29,0.0,4616.809921264648,91987.0715887332,17.01,92010.25264643789,6291.742339588936,98301.99498602682
2022-09-30,0.0,4586.65998840332,91987.0715887332,17.01,92010.33191321374,6272.028195893105,98282.36010910684
2022-10-03,0.0,4734.72004699707,91987.0715887332,17.01,92010.52378703118,6527.900848182504,98538.42463521368
2022-10-04,0.0,4971.709899902344,91987.0715887332,17.01,92010.2529870999,6775.496046634398,98785.74903373429
2022-10-05,0.0,4967.720031738281,91987.0715887332,17.01,92010.04427484632,6709.104819928143,98719.14909477448
2022-10-06,0.0,4879.269927978516,91987.0715887332,19.46,92013.5329066372,6634.7334380084685,98648.26634464567
2022-10-07,0.0,4755.569900512695,91987.0715887332,19.46,92013.81157414676,6534.628456980125,98548.44003112688
2022-10-10,0.0,4721.460052490234,91987.0715887332,19.46,92013.79425442457,6483.5559382262,98497.35019265077
2022-10-11,0.0,4688.729843139648,91987.0715887332,19.46,92013.87773984672,6458.725627216139,98472.60336706287
2022-10-12,0.0,4687.300033569336,91987.0715887332,19.46,92013.90984837533,6464.4899959646045,98478.39984433993
2022-10-13,0.0,4845.320098876953,91987.0715887332,19.46,92013.95694057466,6694.148799730468,98708.10574030512
2022-10-14,0.0,4693.769958496094,91987.0715887332,19.46,92013.84874218704,6458.6741241322015,98472.52286631924
2022-10-17,0.0,4841.360046386719,91987.0715887332,19.46,92014.0334178424,6707.704122648924,98721.73754049132
2022-10-18,0.0,4968.06005859375,91987.0715887332,19.46,92013.75689152002,6812.650921208435,98826.40781272846
2022-10-19,0.0,5044.960052490234,91987.0715887332,19.46,92013.78277367116,6924.812999314312,98938.59577298547
2022-10-20,0.0,4992.919891357422,91987.0715887332,19.46,92013.87345747233,6876.648692350638,98890.52214982297
2022-10-21,0.0,5181.690002441406,91987.0715887332,19.46,92013.88221476556,7138.96982893299,99152.85204369854
2022-10-24,0.0,5201.440124511719,91987.0715887332,19.46,92013.62709335567,7097.989068341049,99111.61616169671
2022-10-25,0.0,5409.929962158203,91987.0715887332,19.46,92013.72244693995,7409.007005648564,99422.72945258851
2022-10-26,0.0,5519.950103759766,91987.0715887332,19.46,92013.56968726874,7516.350552963922,99529.92024023266
2022-10-27,0.0,5583.329986572266,91987.0715887332,19.46,92013.4437817502,7566.529089595111,99579.97287134532
2022-10-28,0.0,5749.3499755859375,91987.0715887332,19.46,92013.46810498716,7798.705553966647,99812.1736589538
2022-10-31,0.0,5882.9000244140625,91987.0715887332,19.46,92013.55295213939,8005.509425937402,100019.0623780768
2022-11-01,0.0,5935.150085449219,91987.0715887332,19.46,92013.55801165105,8078.154945738912,100091.71295738997
2022-11-02,0.0,5660.940032958984,91987.0715887332,19.46,92013.57221586467,7709.067884224707,99722.64010008937
2022-11-03,0.0,5636.970001220703,91987.0715887332,19.46,92013.76136875869,7731.217335191293,99744.97870394998
2022-11-04,0.0,5882.490051269531,91987.0715887332,19.46,92013.81429992677,8083.953367939372,100097.76766786614
2022-11-07,0.0,5953.8099365234375,91987.0715887332,19.46,92013.36691475392,8045.085989017054,100058.45290377097
2022-11-08,0.0,5937.710052490234,91987.0715887332,19.46,92013.32993925811,8012.048914364073,100025.37885362218
2022-11-09,0.0,5818.120086669922,91987.0715887332,26.740000000000002,92022.94436777115,7805.240698780206,99828.18506655136
2022-11-10,0.0,6175.149810791016,91987.0715887332,26.740000000000002,92023.24145097256,8352.816677775842,100376.05812874841
2022-11-11,0.0,6348.849884033203,91987.0715887332,26.740000000000002,92022.72002051355,8463.969408173758,100486.6894286873
2022-11-14,0.0,6276.6900634765625,91987.0715887332,26.740000000000002,92022.5127845955,8319.124977807878,100341.63776240338
2022-11-15,0.0,6362.190032958984,91987.0715887332,26.740000000000002,92022.70183812143,8477.427731098094,100500.12956921953
2022-11-16,0.0,6277.6400146484375,91987.0715887332,26.740000000000002,92022.56492827894,8332.625601561638,100355.19052984058
2022-11-17,0.0,6268.829925537109,91987.0715887332,26.740000000000002,92022.73071510077,8359.797998935144,100382.52871403591
2022-11-18,0.0,6317.969818115234,91987.0715887332,26.740000000000002,92022.69301150084,8416.420116838708,100439.11312833955
2022-11-21,0.0,6289.010040283203,91987.0715887332,26.740000000000002,92022.84141921999,8412.745814156795,100435.58723337678
2022-11-22,0.0,6351.919891357422,91987.0715887332,26.740000000000002,92023.02699501277,8540.982062415838,100564.0090574286
2022-11-23,0.0,6393.360076904297,91987.0715887332,26.740000000000002,92022.80291233063,8543.127067418285,100565.92997974892
2022-11-24,0.0,6393.360076904297,91987.0715887332,26.740000000000002,92022.75237522603,8531.043974411765,100553.79634963779
2022-11-25,0.0,6440.049987792969,91987.0715887332,26.740000000000002,92022.73365730763,8588.837108729269,100611.5707660369
2022-11-28,0.0,6309.350158691406,91987.0715887332,26.740000000000002,92022.92885982276,8460.586351500271,100483.51521132303
2022-11-29,0.0,6285.889892578125,91987.0715887332,26.740000000000002,92023.14358035804,8479.602376951952,100502.74595730999
2022-11-30,0.0,6516.080078125,91987.0715887332,26.740000000000002,92023.3941365266,8851.182874466758,100874.57701099335
2022-12-01,0.0,6536.159912109375,91987.0715887332,26.740000000000002,92022.9352765751,8766.297635474213,100789.23291204931
2022-12-02,0.0,6556.5400390625,91987.0715887332,26.740000000000002,92022.99811484576,8809.039151884848,100832.03726673061
2022-12-05,0.0,6450.929931640625,91987.0715887332,26.740000000000002,92023.02084602357,8672.630511393218,100695.65135741679
2022-12-06,0.0,6350.049957275391,91987.0715887332,26.740000000000002,92023.40590216637,8628.448222286232,100651.8541244526
2022-12-07,0.0,6382.860015869141,91987.0715887332,26.740000000000002,92023.57008559705,8712.221251740553,100735.7913373376
2022-12-08,0.0,6439.689910888672,91987.0715887332,26.740000000000002,92023.5690145445,8789.532713925833,100813.10172847033
2022-12-09,0.0,6346.070007324219,91987.0715887332,26.740000000000002,92023.43184012652,8629.19599199346,100652.62783211998
2022-12-12,0.0,6441.089935302734,91987.0715887332,26.740000000000002,92023.58586130859,8795.501629774517,100819.0874910831
2022-12-13,0.0,6471.749908447266,91987.0715887332,26.740000000000002,92023.51900977851,8821.188998245358,100844.70800802387
2022-12-14,0.0,6452.509948730469,91987.0715887332,26.740000000000002,92023.31872932674,8746.635575646083,100769.95430497282
2022-12-15,0.0,6180.769927978516,91987.0715887332,26.740000000000002,92023.30482476951,8375.067153571974,100398.37197834149
2022-12-16,0.0,6173.439880371094,91987.0715887332,26.740000000000002,92023.5936168766,8431.807967559369,100455.40158443598
2022-12-19,0.0,6181.100067138672,91987.0715887332,26.740000000000002,92023.67490530253,8461.060677044625,100484.73558234714
2022-12-20,0.0,6219.3900146484375,91987.0715887332,26.740000000000002,92023.55297106982,8485.11387527766,100508.66684634748
2022-12-21,0.0,6301.570007324219,91987.0715887332,26.740000000000002,92023.43638572455,8569.757443646755,100593.1938293713
2022-12-22,0.0,6199.27978515625,91987.0715887332,26.740000000000002,92023.47194721938,8438.89328854857,100462.36523576795
2022-12-23,0.0,6230.64013671875,91987.0715887332,26.740000000000002,92023.53639206887,8496.599373252073,100520.13576532094
2022-12-27,0.0,6250.560028076172,91987.0715887332,26.740000000000002,92023.32300716163,8473.884330207642,100497.20733736927
2022-12-28,0.0,6169.509918212891,91987.0715887332,26.740000000000002,92023.23743771315,8344.261929034808,100367.49936674796
2022-12-29,0.0,6293.610076904297,91987.0715887332,26.740000000000002,92023.43638572455,8558.932415457311,100582.36880118186
2022-12-30,0.0,6253.770172119141,91987.0715887332,26.740000000000002,92023.30963813067,8475.109664086347,100498.41930221702
2023-01-03,0.0,6208.7999267578125,91987.0715887332,26.740000000000002,92023.32835604907,8418.512126223446,100441.84048227251
2023-01-04,0.0,6323.030029296875,91987.0715887332,26.740000000000002,92023.63613065005,8646.174141649564,100669.81027229961
2023-01-05,0.0,6272.689880371094,91987.0715887332,26.740000000000002,92023.13074685336,8458.785199513819,100481.91594636718
2023-01-06,0.0,6439.150115966797,91987.0715887332,29.590000000000003,92027.19533437848,8731.423502022877,100758.61883640137
2023-01-09,0.0,6445.570007324219,91987.0715887332,29.590000000000003,92026.82634687306,8659.752508098587,100686.57885497165
2023-01-10,0.0,6582.330017089844,91987.0715887332,29.590000000000003,92026.70354739667,8816.175435842524,100842.87898323919
2023-01-11,0.0,6595.379943847656,91987.0715887332,29.590000000000003,92026.8195389855,8859.50773582419,100886.32727480968
2023-01-12,0.0,6570.890075683594,91987.0715887332,29.590000000000003,92026.8109603417,8824.705728832945,100851.51668917463
2023-01-13,0.0,6639.039947509766,91987.0715887332,29.590000000000003,92026.65117251874,8880.3797856698,100907.03095818855
2023-01-16,0.0,6639.039947509766,91987.0715887332,29.590000000000003,92026.7109443605,8893.790655734363,100920.50160009487
2023-01-17,0.0,6600.840087890625,91987.0715887332,29.590000000000003,92026.71567813517,8843.67335493004,100870.3890330652
2023-01-18,0.0,6546.440124511719,91987.0715887332,29.590000000000003,92026.69259833814,8765.683239316786,100792.37583765492
2023-01-19,0.0,6407.700012207031,91987.0715887332,29.590000000000003,92027.00566239834,8647.70409975016,100674.7097621485
2023-01-20,0.0,6564.1998291015625,91987.0715887332,29.590000000000003,92026.9109727955,8837.90733535643,100864.81830815192
2023-01-23,0.0,6619.170104980469,91987.0715887332,29.590000000000003,92026.63637859107,8850.492539270374,100877.12891786144
2023-01-24,0.0,6715.7301025390625,91987.0715887332,29.590000000000003,92026.6337154019,8978.998478857582,101005.63219425948
2023-01-25,0.0,6578.910003662109,91987.0715887332,29.590000000000003,92026.64762042405,8799.160216157125,100825.80783658117
2023-01-26,0.0,6670.43994140625,91987.0715887332,29.590000000000003,92026.66359955908,8925.181830803922,100951.845430363
2023-01-27,0.0,6665.590026855469,91987.0715887332,29.590000000000003,92026.47392757893,8875.966098170888,100902.44002574982
2023-01-30,0.0,6614.159881591797,91987.0715887332,29.590000000000003,92026.43575755239,8798.949177968472,100825.38493552087
2023-01-31,0.0,6672.840118408203,91987.0715887332,29.590000000000003,92026.67425231577,8930.79561843706,100957.46987075283
2023-02-01,0.0,6775.1199951171875,91987.0715887332,29.590000000000003,92026.44404342175,9014.974823157623,101041.41886657938
2023-02-02,0.0,6901.340057373047,91987.0715887332,29.590000000000003,92026.35231330992,9161.528827438258,101187.88114074818
2023-02-03,0.0,6863.7899169921875,91987.0715887332,29.590000000000003,92026.47540908815,9140.23470237237,101166.71011146052
2023-02-06,0.0,6776.529937744141,91987.0715887332,29.590000000000003,92026.72130081535,9080.346770787724,101107.06807160308
2023-02-07,0.0,6827.459899902344,91987.0715887332,29.590000000000003,92026.84350768806,9176.788841040863,101203.63234872892
2023-02-08,0.0,6724.310028076172,91987.0715887332,29.590000000000003,92026.69289463997,9003.918372233347,101030.61126687331
2023-02-09,0.0,6687.860076904297,91987.0715887332,29.590000000000003,92026.8553421247,8991.827509849525,101018.68285197423
2023-02-10,0.0,6838.229949951172,91987.0715887332,29.590000000000003,92026.86629118324,9196.530116364931,101223.39640754816
2023-02-13,0.0,7033.510040283203,91987.0715887332,29.590000000000003,92026.59613445164,9394.940491660029,101421.53662611167
2023-02-14,0.0,6949.2398681640625,91987.0715887332,29.590000000000003,92026.52423187137,9265.491064556336,101292.01529642771
2023-02-15,0.0,6950.760192871094,91987.0715887332,29.590000000000003,92026.54642276288,9272.730821008954,101299.27724377184
2023-02-16,0.0,6873.190002441406,91987.0715887332,29.590000000000003,92026.69437262179,9203.613453594917,101230.30782621671
2023-02-17,0.0,6905.010070800781,91987.0715887332,29.590000000000003,92026.9381972909,9303.12043188911,101330.05862918001
2023-02-21,0.0,6777.159912109375,91987.0715887332,29.590000000000003,92026.87901452542,9117.312953135639,101144.19196766106
2023-02-22,0.0,6765.250030517578,91987.0715887332,29.590000000000003,92027.12135768533,9156.698229997568,101183.8195876829
2023-02-23,0.0,6881.330047607422,91987.0715887332,29.590000000000003,92027.15242704988,9321.036736798178,101348.18916384806
2023-02-24,0.0,6881.599914550781,91987.0715887332,29.590000000000003,92027.14591899158,9319.888735440181,101347.03465443176
2023-02-27,0.0,6860.839996337891,91987.0715887332,29.590000000000003,92027.29534683228,9326.42001923563,101353.71536606792
2023-02-28,0.0,6927.329986572266,91987.0715887332,29.590000000000003,92027.23705297233,9403.157311532792,101430.39436450512
2023-03-01,0.0,6945.580108642578,91987.0715887332,29.590000000000003,92027.447734164,9477.382648457158,101504.83038262116
2023-03-02,0.0,6964.009979248047,91987.0715887332,29.590000000000003,92027.28321609378,9463.811227472095,101491.09444356587
2023-03-03,0.0,7064.379943847656,91987.0715887332,29.590000000000003,92027.29860262515,9603.883411256138,101631.18201388128
2023-03-06,0.0,7039.85009765625,91987.0715887332,29.590000000000003,92027.32286410213,9576.307699788536,101603.63056389066
2023-03-07,0.0,6925.300048828125,91987.0715887332,29.590000000000003,92027.3619230342,9429.626701655332,101456.98862468953
2023-03-08,0.0,6959.070007324219,91987.0715887332,37.99,92039.3002394724,9567.329215112652,101606.62945458505
2023-03-09,0.0,6826.3599853515625,91987.0715887332,37.99,92039.49551058532,9419.967423175927,101459.46293376124
2023-03-10,0.0,6514.429901123047,91987.0715887332,37.99,92039.61555897952,9010.108209958256,101049.72376893778
2023-03-13,0.0,6408.5098876953125,91987.0715887332,37.99,92039.3602636695,8820.544626052375,100859.90488972187
2023-03-14,0.0,6605.380035400391,91987.0715887332,37.99,92039.25161416651,9072.62169633633,101111.87331050284
2023-03-15,0.0,6393.679840087891,91987.0715887332,37.99,92039.07572162153,8752.244697269933,100791.32041889147
2023-03-16,0.0,6446.080017089844,91987.0715887332,37.99,92039.36444371582,8872.964662806226,100912.32910652205
2023-03-17,0.0,6188.060119628906,91987.0715887332,37.99,92039.19044872165,8489.46141024102,100528.65185896266
2023-03-20,0.0,6304.840087890625,91987.0715887332,37.99,92039.1551198578,8643.809817142028,100682.96493699982
2023-03-21,0.0,6505.969909667969,91987.0715887332,37.99,92039.00771774769,8894.31146598891,100933.3191837366
2023-03-22,0.0,6338.830017089844,91987.0715887332,37.99,92039.15132022739,8689.775342914982,100728.92666314237
2023-03-23,0.0,6337.77001953125,91987.0715887332,37.99,92039.18133232594,8693.329051527311,100732.51038385325
2023-03-24,0.0,6385.5101318359375,91987.0715887332,37.99,92039.18247357369,8759.004557195964,100798.18703076965
2023-03-27,0.0,6389.820068359375,91987.0715887332,37.99,92039.22198248387,8771.561794178968,100810.78377666284
2023-03-28,0.0,6385.010070800781,91987.0715887332,37.99,92038.94351350427,8718.156411031996,100757.09992453628
2023-03-29,0.0,6436.289855957031,91987.0715887332,37.99,92038.71253764034,8749.042263832605,100787.75480147294
2023-03-30,0.0,6458.860107421875,91987.0715887332,37.99,92038.59780601144,8760.216616604099,100798.81442261554
2023-03-31,0.0,6570.090087890625,91987.0715887332,37.99,92038.44128750563,8884.010232236702,100922.45151974233
2023-04-03,0.0,6533.469970703125,91987.0715887332,37.99,92038.36492806792,8821.36068019268,100859.7256082606
2023-04-04,0.0,6327.340057373047,91987.0715887332,37.99,92038.10621354342,8499.958564746034,100538.06477828945
2023-04-05,0.0,6284.1500244140625,91987.0715887332,40.84,92041.9523786378,8444.64048038247,100486.59285902027
2023-04-06,0.0,6231.9100341796875,91987.0715887332,40.84,92042.01895060779,8384.598820222818,100426.6177708306
2023-04-10,0.0,6271.820007324219,91987.0715887332,40.84,92042.22192354918,8469.465556059906,100511.68747960909
2023-04-11,0.0,6349.2900390625,91987.0715887332,40.84,92042.21947468996,8573.700366812875,100615.91984150284
2023-04-12,0.0,6412.979888916016,91987.0715887332,40.84,92042.05244107009,8633.474542406839,100675.52698347693
2023-04-13,0.0,6472.729949951172,91987.0715887332,40.84,92041.96054799319,8699.348935449725,100741.30948344292
2023-04-14,0.0,6509.349884033203,91987.0715887332,40.84,92041.55214838267,8683.472689430095,100725.02483781277
2023-04-17,0.0,6590.920166015625,91987.0715887332,40.84,92041.65425071956,8808.765122445038,100850.4193731646
2023-04-18,0.0,6599.679992675781,91987.0715887332,40.84,92041.76451754333,8838.291577105469,100880.0560946488
2023-04-19,0.0,6815.680023193359,91987.0715887332,40.84,92041.760023911,9126.808891798657,101168.56891570966
2023-04-20,0.0,6792.7601318359375,91987.0715887332,40.84,92042.07489949466,9148.489139553669,101190.56403904833
2023-04-21,0.0,6810.280029296875,91987.0715887332,40.84,92042.12717752696,9180.802567661303,101222.92974518826
2023-04-24,0.0,6872.929901123047,91987.0715887332,40.84,92042.3624140668,9304.847372503395,101347.2097865702
2023-04-25,0.0,6693.85009765625,91987.0715887332,40.84,92042.34321754218,9059.25558032759,101101.59879786977
2023-04-26,0.0,6663.6400146484375,91987.0715887332,40.84,92042.68913472892,9074.811582115042,101117.50071684396
2023-04-27,42606.30070877075,41003.41970062256,1333.8756707930734,0.0,1333.8756707930734,98496.832456832,99830.70812762507
2023-04-28,42916.12099933624,41373.71960449219,1333.8756707930734,0.0,1333.8756707930734,99183.13735610795,100517.01302690103
2023-05-01,42703.21959877014,41255.47065734863,1333.8756707930734,38.595,1386.2070150655677,98641.92249016796,100028.12950523352
2023-05-02,42644.22967338562,41248.77005767822,1333.8756707930734,38.595,1386.1796168101002,98544.56501126767,99930.74462807777
2023-05-03,42647.330069065094,41302.15906524658,1333.8756707930734,38.595,1386.4401325816084,98898.80725442986,100285.24738701148
2023-05-04,42492.34997177124,40913.97010803223,1333.8756707930734,38.595,1386.4879909616877,98265.86712925046,99652.35512021215
2023-05-05,42736.97921848297,41428.29034423828,1333.8756707930734,38.595,1386.0676911407877,98760.45823435305,100146.52592549384
2023-05-08,42736.071158885956,41335.87937927246,1333.8756707930734,38.595,1385.5157830751111,98043.48021245243,99428.99599552754
2023-05-09,42699.499583244324,41243.70985412598,1333.8756707930734,38.595,1385.4864478480986,97852.23735247448,99237.72380032258
2023-05-10,42637.719185352325,41488.255378723145,1333.8756707930734,38.595,1385.496482372897,98128.25976523744,99513.75624761033
2023-05-11,42574.69925785065,41471.949851989746,1333.8756707930734,45.644999999999996,1394.9126239437035,98031.40777315735,99426.32039710105
2023-05-12,42579.929923057556,41348.84973144531,1333.8756707930734,46.605,1396.7597985464504,98371.93397771679,99768.69377626324
2023-05-15,42663.95088195801,41454.49002838135,1333.8756707930734,46.605,1397.0440862196854,98851.36526691957,100248.40935313926
2023-05-16,42185.69097328186,41144.36045837402,1333.8756707930734,46.605,1396.629305115359,97586.5739392536,98983.20324436897
2023-05-17,42225.92033958435,41534.40059661865,1333.8756707930734,46.605,1396.686162650006,98202.66383183828,99599.34999448828
2023-05-18,42073.55011034012,41742.650939941406,1333.8756707930734,46.605,1396.6372276133468,98287.12716850924,99683.76439612258
2023-05-19,42211.400507450104,41677.67012023926,1333.8756707930734,59.504999999999995,1414.193731662648,98466.66721813702,99880.86094979967
2023-05-22,42211.400507450104,41762.679862976074,1333.8756707930734,59.504999999999995,1414.136011456268,98540.90076474613,99955.0367762024
2023-05-23,41775.731058597565,41382.07972717285,1333.8756707930734,59.504999999999995,1414.2246737224032,97653.53704499154,99067.76171871394
2023-05-24,41269.3603181839,41119.649726867676,1546.9146707930734,59.504999999999995,1627.2428470632005,96778.41790033193,98405.66074739513
2023-05-25,41049.099318027496,41275.74954986572,1546.9146707930734,59.504999999999995,1627.7730401792694,97136.65168833523,98764.4247285145
2023-05-26,41232.94913434982,41612.54934692383,1546.9146707930734,59.504999999999995,1628.0985347583462,98005.78411340821,99633.88264816656
2023-05-29,41263.94985103607,41612.54934692383,1546.9146707930734,59.504999999999995,1627.8950279375483,97894.4701065773,99522.36513451484
2023-05-30,41155.96991491318,41710.27983093262,1546.9146707930734,59.504999999999995,1627.8474231317211,97886.12280177257,99513.97022490429
2023-05-31,41043.2903046608,41602.639892578125,1546.9146707930734,59.504999999999995,1627.839684070008,97621.63137956904,99249.47106363904
2023-06-01,41233.80017375946,42039.9702835083,1546.9146707930734,99.495,1681.8895923855473,98265.22580084091,99947.11539322646
2023-06-02,41573.79982995987,42457.49980926514,1546.9146707930734,99.495,1680.6658024432827,98649.4181678438,100330.08397028709
2023-06-05,41395.77926445007,42419.3703994751,1546.9146707930734,107.89500000000001,1691.7993074610401,98357.77998748503,100049.57929494607
2023-06-06,41501.40896654129,42754.699478149414,1546.9146707930734,107.89500000000001,1692.0118662991692,98997.92862904114,100689.94049534031
2023-06-07,41191.78045845032,42660.0895614624,1546.9146707930734,107.89500000000001,1691.4788614430597,98350.32645695572,100041.80531839878
2023-06-08,41244.35003376007,42894.85974121094,1546.9146707930734,107.89500000000001,1691.1875480505396,98601.64031060292,100292.82785865346
2023-06-09,41266.53032255173,42877.52021026611,1546.9146707930734,107.89500000000001,1691.0839696695973,98559.47277843987,100250.55674810946
2023-06-12,41325.43925142288,43197.199478149414,1546.9146707930734,107.89500000000001,1690.8120780273844,98936.68170648602,100627.49378451341
2023-06-13,41262.720806121826,43408.91037750244,1546.9146707930734,107.89500000000001,1691.0947609599998,99270.04841422534,100961.14317518534
2023-06-14,41458.660306453705,43469.18926239014,1549.1446707930734,107.89500000000001,1692.8036278095415,99336.58228417666,101029.3859119862
2023-06-15,41597.67898082733,43925.149589538574,1549.1446707930734,107.89500000000001,1692.9298691865374,100134.09260698603,101827.02247617257
2023-06-16,41570.46951675415,43738.25942993164,1549.1446707930734,165.22500000000002,1767.6035211947133,99400.76077795285,101168.36429914756
2023-06-19,41472.409274578094,43738.25942993164,1549.1446707930734,165.22500000000002,1767.2086289760043,99198.16491278537,100965.37354176138
2023-06-20,41305.220655441284,43587.309509277344,1549.1446707930734,165.22500000000002,1767.398639711397,98881.87851515479,100649.27715486618
2023-06-21,41201.35002040863,43460.72077178955,1549.1446707930734,165.22500000000002,1767.6646389838627,98680.7588302148,100448.42346919866
2023-06-22,40919.91956233978,43385.47050476074,1549.1446707930734,165.22500000000002,1766.5972935136726,98019.53735158124,99786.1346450949
2023-06-23,40882.9293012619,43229.180015563965,1549.1446707930734,165.22500000000002,1766.3477997865846,97711.57607508097,99477.92387486756
2023-06-26,41039.23012685776,43241.00973510742,1601.7556707930735,165.22500000000002,1819.2694309991768,97964.72337904075,99783.99281003993
2023-06-27,41199.04006290436,43589.68079376221,1601.7556707930735,165.22500000000002,1819.0265552473238,98519.4728009232,100338.49935617053
2023-06-28,41395.7299118042,43667.431327819824,1601.7556707930735,165.22500000000002,1819.814665494578,99026.69481748666,100846.50948298123
2023-06-29,41347.51009225845,43755.84958648682,1601.7556707930735,165.22500000000002,1820.7085451674632,99331.88919744676,101152.59774261422
2023-06-30,41802.19036245346,44118.479553222656,1601.7556707930735,165.22500000000002,1820.6788036716155,100259.17787420652,102079.85667787814
2023-07-03,41802.19036245346,44104.09041595459,1601.7556707930735,204.75000000000003,1873.0494305563143,100240.11226664021,102113.16169719653
2023-07-04,41795.650188446045,44104.09041595459,1601.7556707930735,204.75000000000003,1873.0084737610987,100224.74981082894,102097.75828459005
2023-07-05,41494.96928739548,43863.620178222656,1601.7556707930735,204.75000000000003,1872.5068384480646,99498.02853442266,101370.53537287073
2023-07-06,41110.81007146835,43454.870780944824,1601.7556707930735,207.60000000000002,1877.570962150114,98844.51838230091,100722.08934445103
2023-07-07,41122.94117307663,43508.509521484375,1601.7556707930735,207.60000000000002,1879.2213714194468,99273.80378188152,101153.02515330097
2023-07-10,41145.89991569519,43746.94068145752,1601.7556707930735,207.60000000000002,1877.4069581580331,99233.0893045309,101110.49626268893
2023-07-11,41149.919239997864,44084.4898147583,1601.7556707930735,207.60000000000002,1877.323904378431,99667.66965793927,101544.9935623177
2023-07-12,41532.73971557617,44578.22998046875,1601.7556707930735,207.60000000000002,1876.3627226901224,100499.484964734,102375.84768742412
2023-07-13,41900.07084226608,44871.360511779785,1601.7556707930735,207.60000000000002,1875.4305949759653,101053.08715269258,102928.51774766853
2023-07-14,41858.09979104996,44770.190353393555,1601.7556707930735,207.60000000000002,1873.97116485359,100563.01061105184,102436.98177590543
2023-07-17,41750.78096532822,44921.93056488037,1601.7556707930735,207.60000000000002,1876.3066688132456,101160.03370897358,103036.34037778682
2023-07-18,41908.14895057678,45231.289489746094,1601.7556707930735,207.60000000000002,1875.8188144755534,101620.23657279319,103496.05538726875
2023-07-19,42073.22885274887,45138.35070800781,1601.7556707930735,207.60000000000002,1875.0859811854532,101503.28381238216,103378.3697935676
2023-07-20,41876.99969816208,44884.60952758789,1601.7556707930735,207.60000000000002,1875.0195579600504,100958.61276887785,102833.6323268379
2023-07-21,42112.949773311615,44745.379486083984,1601.7556707930735,207.60000000000002,1875.2520639968088,101061.4078753173,102936.65993931411
2023-07-24,42014.279423713684,44702.649978637695,1601.7556707930735,207.60000000000002,1876.285905368345,101129.06258735369,103005.34849272204
2023-07-25,42040.95990514755,44693.81957244873,1654.3666707930736,207.60000000000002,1927.87135452606,100923.27679812323,102851.14815264929
2023-07-26,42077.48993587494,44668.85982513428,1654.3666707930736,207.60000000000002,1928.1308604655437,100982.76071439633,102910.89157486187
2023-07-27,41781.55028486252,44219.269523620605,1654.3666707930736,207.60000000000002,1928.4941588816814,100171.32523487814,102099.81939375983
2023-07-28,42048.4296207428,44535.99988555908,1654.3666707930736,207.60000000000002,1928.9591957030468,100956.19772269821,102885.15691840126
2023-07-31,42225.120267391205,44666.280349731445,1654.3666707930736,207.60000000000002,1929.457419389265,101412.40590522828,103341.86332461755
2023-08-01,41980.75912284851,44675.51998138428,1654.3666707930736,248.675,1982.418740468996,100916.7068206112,102899.1255610802
2023-08-02,41608.70993375778,44347.72045135498,1654.3666707930736,248.675,1984.3211086300782,100451.48532685908,102435.80643548915
2023-08-03,41290.78995132446,44445.19990539551,1654.3666707930736,248.675,1986.1836644021444,100595.79694021557,102581.98060461771
2023-08-04,41638.39971494675,44479.64003753662,1654.3666707930736,248.675,1986.3627163974218,101021.38796212479,103007.7506785222
2023-08-07,41638.39971494675,44653.02908325195,1654.3666707930736,248.675,1986.919734111207,101352.89296142965,103339.81269554085
2023-08-08,41621.58065080643,44427.00003814697,1654.3666707930736,248.675,1986.8750007567578,101025.81343649369,103012.68843725044
2023-08-09,41729.069754600525,44258.35014343262,1654.3666707930736,248.675,1988.212851178425,101145.90355591726,103134.11640709569
2023-08-10,41703.60876131058,44177.74063873291,1654.3666707930736,248.675,1988.0586708096437,100984.83377368453,102972.89244449417
2023-08-11,41681.55998659134,44114.95975494385,1654.3666707930736,266.205,2012.2739792261295,100993.24274057618,103005.51671980231
2023-08-14,41492.26923751831,44252.709243774414,1654.3666707930736,266.205,2012.1408546391897,100967.02340318337,102979.16425782256
2023-08-15,40844.549860954285,43907.460037231445,1654.3666707930736,266.205,2012.646664601343,99938.72356271092,101951.37022731226
2023-08-16,40807.01076793671,43573.20088195801,1654.3666707930736,266.205,2013.4798753652744,99587.69408413357,101601.17395949885
2023-08-17,40746.28919506073,43226.94063568115,1654.3666707930736,279.10499999999996,2032.179941590207,99260.86911344348,101293.04905503368
2023-08-18,40811.02945661545,43280.42071533203,1654.3666707930736,279.10499999999996,2032.4199651400022,99435.22333401759,101467.64329915759
2023-08-21,40750.20005464554,43324.36999511719,1654.3666707930736,279.10499999999996,2032.3194839755467,99418.32681343837,101450.64629741391
2023-08-22,40586.540318489075,43322.289474487305,1654.3666707930736,279.10499999999996,2032.3585784683398,99257.91791230347,101290.27649077181
2023-08-23,41019.47037267685,43827.32033538818,1654.3666707930736,279.10499999999996,2032.5567459569147,100405.92913146011,102438.48587741703
2023-08-24,40846.16973686218,43377.41051483154,1654.3666707930736,279.10499999999996,2031.8199062655142,99508.47942403881,101540.29933030433
2023-08-25,40682.18991947174,43661.02049255371,1862.0686707930736,279.10499999999996,2241.2830549400023,100003.54567200285,102244.82872694285
2023-08-28,40914.16070842743,43932.89070892334,1862.0686707930736,279.10499999999996,2241.4840172689132,100636.53382969485,102878.01784696376
2023-08-29,41357.74087238312,44487.20970916748,1862.0686707930736,279.10499999999996,2241.6821847574884,101865.24164868196,104106.92383343945
2023-08-30,41425.289917469025,44732.14073944092,1862.0686707930736,279.10499999999996,2240.504359187382,102077.1538184432,104317.65817763058
2023-08-31,41455.170637607574,44700.730697631836,1864.3186707930736,279.10499999999996,2242.0956752096586,101958.95286359363,104201.04853880328
2023-09-01,41747.299427986145,44793.55047607422,1864.3186707930736,319.405,2295.8252531712224,102262.04365088152,104557.86890405274
2023-09-05,41380.641085624695,44527.00902557373,1864.3186707930736,319.405,2298.667934399145,101931.582933244,104230.25086764315
2023-09-06,41213.56947231293,44376.28992462158,1864.3186707930736,319.405,2299.951972801583,101737.94983814895,104037.90181095054
2023-09-07,41135.420070171356,44233.14082336426,1864.3186707930736,319.405,2299.955133113163,101464.99845997969,103764.95359309285
2023-09-08,41056.87097120285,44259.73942565918,1864.3186707930736,319.405,2301.376511803167,101619.68669746864,103921.06320927182
2023-09-11,41162.47031259537,44455.79024505615,1864.3186707930736,319.405,2299.5718596630268,101742.37503510894,104041.94689477197
2023-09-12,41200.68015003204,44341.55918884277,1864.3186707930736,319.405,2298.02913262357,101410.75235953818,103708.78149216175
2023-09-13,41263.33019351959,44351.61968231201,1864.3186707930736,319.405,2297.1443976854257,101364.21160692842,103661.35600461384
2023-09-14,41653.18041706085,44658.46911621094,1866.5486707930736,319.405,2299.4222973476817,102176.57072939536,104475.99302674305
2023-09-15,41587.119500637054,44230.7795715332,1866.5486707930736,374.80999999999995,2373.0968922810725,101364.13379317957,103737.23068546064
2023-09-18,41475.82931852341,44396.56968688965,1866.5486707930736,374.80999999999995,2373.363011327284,101508.42766926668,103881.79068059396
2023-09-19,40999.73050785065,44246.769622802734,1866.5486707930736,374.80999999999995,2372.054935236471,100675.35075733867,103047.40569257515
2023-09-20,40976.9297618866,43993.91069793701,1866.5486707930736,374.80999999999995,2370.394506090181,100116.62369638256,102487.01820247274
2023-09-21,40435.660640239716,43397.760917663574,1866.5486707930736,374.80999999999995,2371.6688481514625,98921.51931980319,101293.18816795465
2023-09-22,40467.800186634064,43481.33090209961,1866.5486707930736,374.80999999999995,2371.698828990953,99069.76167071928,101441.46049971023
2023-09-25,40308.4697933197,43582.89087677002,1919.9006707930737,374.80999999999995,2425.0321077215845,99045.13181962988,101470.16392735146
2023-09-26,40070.14045572281,43075.97004699707,1919.9006707930737,374.80999999999995,2424.0350995958024,98009.04164503557,100433.07674463137
2023-09-27,39904.76043701172,43179.74948883057,1919.9006707930737,374.80999999999995,2426.628777318018,98282.0521279926,100708.68090531063
2023-09-28,40128.18966007233,43355.98921203613,1919.9006707930737,374.80999999999995,2425.9316669488126,98663.11244837602,101089.04411532484
2023-09-29,40241.32085752487,43187.23069000244,1919.9006707930737,374.80999999999995,2425.5568394339257,98505.21350957591,100930.77034900984
2023-10-02,39766.62970113754,42861.179611206055,1919.9006707930737,414.6449999999999,2482.727362304347,97945.10988260736,100427.8372449117
2023-10-03,39312.4400677681,42304.080085754395,1919.9006707930737,414.6449999999999,2486.9816141677074,97168.76932201127,99655.75093617899
2023-10-04,39454.9707775116,42552.79081726074,1919.9006707930737,414.6449999999999,2488.3416678470544,97791.01929996617,100279.36096781322
2023-10-05,39605.470365047455,42566.35013580322,1919.9006707930737,417.49499999999995,2493.7141682344845,98109.51531107299,100603.22947930747
2023-10-06,39782.49012994766,42920.910247802734,1919.9006707930737,417.49499999999995,2492.106769722717,98608.59970109118,101100.7064708139
2023-10-09,39782.49012994766,43162.84002685547,1919.9006707930737,417.49499999999995,2490.2447515624935,98747.67610466448,101237.92085622698
2023-10-10,40243.51053857803,43411.710609436035,1919.9006707930737,417.49499999999995,2486.8797508448533,99198.78364319517,101685.66339404002
2023-10-11,40506.4696393013,43483.29088592529,1919.9006707930737,417.49499999999995,2487.009200748222,99572.43491296735,102059.44411371557
2023-10-12,40156.879442214966,43119.419761657715,1919.9006707930737,417.49499999999995,2487.464241296666,98775.57388878227,101263.03813007893
2023-10-13,40214.23931837082,42946.73991394043,1919.9006707930737,417.49499999999995,2491.1924582368306,98981.69715694894,101472.88961518578
2023-10-16,40321.31009674072,43171.21082305908,1919.9006707930737,417.49499999999995,2489.5433530664613,99225.40315231573,101714.94650538219
2023-10-17,40396.26041507721,43119.789054870605,1919.9006707930737,417.49499999999995,2488.2950399267847,99101.26358163459,101589.55862156137
2023-10-18,40073.95031642914,42462.30903625488,1919.9006707930737,417.49499999999995,2489.9066190582685,98047.74336243022,100537.64998148849
2023-10-19,39862.349969387054,42004.299491882324,1919.9006707930737,417.49499999999995,2492.4449519962245,97466.205009619,99958.64996161523
2023-10-20,39644.059341430664,41692.76012420654,1919.9006707930737,417.49499999999995,2492.5076115226916,96826.93296936805,99319.44058089075
2023-10-23,39685.28050518036,41763.59989929199,1919.9006707930737,417.49499999999995,2491.994092067497,96913.94372539168,99405.93781745918
2023-10-24,39650.17097949982,42092.7405166626,1919.9006707930737,417.49499999999995,2491.388698517101,97268.8185306484,99760.20722916549
2023-10-25,39455.189286231995,41467.029525756836,1973.9936707930738,417.49499999999995,2547.698621429699,96437.52470850486,98985.22332993455
2023-10-26,39545.300720214844,41235.82004547119,1973.9936707930738,417.49499999999995,2550.257857466238,96462.69206694816,99012.9499244144
2023-10-27,39450.62888765335,40923.72920227051,1973.9936707930738,417.49499999999995,2550.721259254115,95982.66796275167,98533.38922200579
2023-10-30,39477.97007036209,41270.09041595459,1973.9936707930738,417.49499999999995,2552.783698314326,96692.34812915308,99245.1318274674
2023-10-31,39476.169669151306,41318.64009094238,1973.9936707930738,417.49499999999995,2551.3307836549457,96614.06204506829,99165.39282872324
2023-11-01,39891.89992809296,41968.860496520996,1973.9936707930738,460.42999999999995,2612.913976817625,98130.40999898082,100743.32397579844
2023-11-02,40654.87045431137,42632.59078979492,1973.9936707930738,460.42999999999995,2610.9709581427746,99634.50261115044,102245.47356929322
2023-11-03,40986.67030620575,42969.8299407959,1973.9936707930738,460.42999999999995,2606.9467688720397,100057.29338670243,102664.24015557446
2023-11-06,40793.15983438492,42937.390075683594,1973.9936707930738,460.42999999999995,2602.9686851291826,99448.21171720793,102051.18040233711
2023-11-07,40647.49914741516,43026.05955505371,1973.9936707930738,460.42999999999995,2604.6584527259047,99581.58351793172,102186.24197065763
2023-11-08,40649.96017932892,43100.95970916748,1973.9936707930738,469.94999999999993,2621.0443325059587,99993.51694127638,102614.56127378234
2023-11-09,40502.25942707062,42768.22944641113,1973.9936707930738,469.94999999999993,2622.205116750496,99493.33475529056,102115.53987204106
2023-11-10,40609.30022954941,43270.8191986084,1973.9936707930738,470.9099999999999,2624.1791041104966,100353.31995868462,102977.49906279512
2023-11-13,40724.390134334564,43290.44984436035,1973.9936707930738,470.9099999999999,2623.797654238241,100460.44745738694,103084.24511162518
2023-11-14,41228.81897354126,44191.22985839844,1973.9936707930738,470.9099999999999,2623.92008870055,102219.34311784657,104843.26320654713
2023-11-15,41202.46098470688,44003.29978942871,1973.9936707930738,470.9099999999999,2619.1121362047365,101484.34336818909,104103.45550439383
2023-11-16,41294.629180431366,44100.92013549805,1973.9936707930738,490.8599999999999,2645.657050757902,101639.68291829467,104285.33996905257
2023-11-17,41467.870787620544,44268.63024902344,1973.9936707930738,490.8599999999999,2649.0292743497066,102346.53586274371,104995.56513709342
2023-11-20,41601.46002864838,44475.70056915283,1973.9936707930738,490.8599999999999,2647.404486349123,102617.67196830502,105265.07645465415
2023-11-21,41263.299793720245,44416.60980987549,2186.846670793074,490.8599999999999,2860.50787234165,102221.10188237079,105081.60975471244
2023-11-22,41279.810131073,44647.48873901367,2186.846670793074,490.8599999999999,2859.3739672789743,102451.33540616889,105310.70937344787
2023-11-23,41226.300181388855,44647.48873901367,2186.846670793074,490.8599999999999,2858.9567548165496,102359.87677719144,105218.833532008
2023-11-24,41241.55053329468,44677.549812316895,2186.846670793074,490.8599999999999,2859.0794609222585,102427.45683339942,105286.53629432169
2023-11-27,41214.670691013336,44695.88095855713,2186.846670793074,490.8599999999999,2855.913385928648,102137.39051546936,104993.30390139802
2023-11-28,41314.42989015579,44679.039810180664,2186.846670793074,490.8599999999999,2854.7598783168964,102109.19986265781,104963.95974097471
2023-11-29,41515.0704035759,44732.42979431152,2186.846670793074,490.8599999999999,2852.6000870142157,102185.66477149198,105038.2648585062
2023-11-30,41600.220027923584,44767.97003173828,2186.846670793074,490.8599999999999,2853.935225409048,102440.78642478531,105294.72165019436
2023-12-01,42045.940541267395,45098.63040924072,2186.846670793074,533.3299999999999,2909.855457623976,103183.89651584292,106093.75197346689
2023-12-04,41989.040225982666,44805.35980987549,2186.846670793074,533.3299999999999,2906.239528685587,102425.64765952041,105331.887188206
2023-12-05,42123.319259643555,44851.47994232178,2186.846670793074,533.3299999999999,2908.9221341929606,102847.73596885311,105756.65810304608
2023-12-06,42128.559175014496,44694.60008239746,2186.846670793074,533.3299999999999,2911.6954653499297,102872.98943944095,105784.68490479088
2023-12-07,42130.41924858093,44818.91007232666,2186.846670793074,533.3299999999999,2911.7381261143855,103047.38425756952,105959.1223836839
2023-12-08,42204.119060993195,44873.860343933105,2186.846670793074,533.3299999999999,2912.100774401205,103226.28424798002,106138.38502238122
2023-12-11,42139.66016244888,45093.56982421875,2186.846670793074,533.3299999999999,2911.1514929197006,103380.33679902548,106291.48829194518
2023-12-12,42065.26994514465,45276.97051239014,2186.846670793074,533.3299999999999,2911.0021484551603,103542.34081776027,106453.34296621542
2023-12-13,42715.83940696716,45899.400535583496,2186.846670793074,533.3299999999999,2911.375477827566,105070.17520964966,107981.55068747723
2023-12-14,43116.13013505936,46301.3698348999,2189.076670793074,577.04,2968.5481026015455,105660.48588145996,108629.0339840615
2023-12-15,42875.26070404053,46254.26005554199,2189.076670793074,643.75,3052.152315315979,104888.34856325138,107940.50087856736
2023-12-18,42911.45927667618,46334.849952697754,2189.076670793074,643.75,3050.517195251959,104914.90384984232,107965.42104509428
2023-12-19,43251.100370407104,46680.829986572266,2189.076670793074,643.75,3051.5600284311945,105793.14151083912,108844.70153927032
2023-12-20,43061.70032978058,46098.09059906006,2189.076670793074,643.75,3047.4658203993017,104529.81805839884,107577.28387879815
2023-12-21,43182.50020456314,46399.85045623779,2189.076670793074,643.75,3049.0107698116476,105164.34656834009,108213.35733815173
2023-12-22,43154.81967496872,46352.190338134766,2189.076670793074,643.75,3044.2277347419436,104728.60590256711,107772.83363730906
2023-12-26,43154.81967496872,46605.219718933105,2189.076670793074,643.75,3042.045451489466,104906.73802486513,107948.7834763546
2023-12-27,43492.44155025482,50708.860567092896,-7316.626628223879,3806.4000000000005,-2294.0057130017103,110403.79707551896,108109.79136251725
2023-12-28,43619.479531764984,50745.44031906128,3609.5579999999995,-4634.008204486274,-2508.2594760022007,110613.60813749896,108105.34866149676
2023-12-29,43672.36975669861,50547.130027770996,3609.5579999999995,-4634.008204486274,-2521.049582770627,110544.20186427674,108023.1522815061
2024-01-02,43454.210967063904,50238.79981422424,3609.5579999999995,-4634.008204486274,-2526.795822592903,109980.43139628967,107453.63557369677
2024-01-03,43400.62922716141,49976.83018684387,3609.5579999999995,-4634.008204486274,-2563.8679633574816,109979.76491860831,107415.89695525084
2024-01-04,43316.74933862686,50114.08961868286,3609.5579999999995,-4634.008204486274,-2575.7769652887096,110207.53094578083,107631.75398049213
2024-01-05,43412.0302863121,50157.16968154907,3609.5579999999995,-4634.008204486274,-2579.1599659300887,110396.9304916881,107817.77052575801
2024-01-08,43609.53988599777,50487.96004676819,3609.5579999999995,-4630.708204486274,-2576.975814297239,111060.4476632609,108483.47184896366
2024-01-09,43496.27921676636,50434.74044418335,3609.5579999999995,-4630.708204486274,-2571.9744819745642,110821.61532272867,108249.6408407541
2024-01-10,43456.44055604935,50736.01000022888,3609.5579999999995,-4630.708204486274,-2590.5898162554945,111387.89892426976,108797.30910801426
2024-01-11,43479.9785490036,50770.62985229492,3609.5579999999995,-4630.708204486274,-2585.6348539013748,111403.46440896038,108817.82955505901
2024-01-12,43569.550904750824,50874.6996383667,3609.5579999999995,-4630.708204486274,-2586.2834814377043,111639.39259110372,109053.10910966602
2024-01-15,43675.21903514862,50874.6996383667,3609.5579999999995,-4630.708204486274,-2599.943853364514,111895.13869835429,109295.19484498978
2024-01-16,43345.27082490921,50688.98991775513,3609.5579999999995,-4630.708204486274,-2612.1689643598725,111449.98428146569,108837.81531710582
2024-01-17,42874.1303153038,50480.24954414368,3609.5579999999995,-4630.708204486274,-2637.267261863484,110971.9857949524,108334.71853308892
2024-01-18,42835.300364494324,50829.039474487305,3609.5579999999995,-4630.708204486274,-2643.19488951038,111468.73814777535,108825.54325826497
2024-01-19,43007.75042247772,51281.00937843323,3609.5579999999995,-4630.708204486274,-2635.507963175585,112166.34821887458,109530.840255699
2024-01-22,43043.44973278046,51496.83953666687,3609.5579999999995,-4630.708204486274,-2610.2241857977556,112211.9464358846,109601.72225008685
2024-01-23,43155.35895776749,51424.99955177307,3609.5579999999995,-4630.708204486274,-2631.66422399647,112465.45924881811,109833.79502482164
2024-01-24,43121.07094335556,51465.130208969116,3609.5579999999995,-4630.708204486274,-2621.5230014688927,112372.55061390555,109751.02761243666
2024-01-25,43190.99887704849,52030.60045623779,3664.3919999999994,-4630.708204486274,-2598.8261497944045,113564.46805968776,110965.64190989335
2024-01-26,43140.34921312332,52019.42992019653,3664.3919999999994,-4630.708204486274,-2576.7374840593616,113250.57501062976,110673.83752657041
2024-01-29,43362.92055273056,52298.559995651245,3664.3919999999994,-4630.708204486274,-2565.7627061446715,113725.40190403459,111159.63919788992
2024-01-30,43499.971516132355,52374.960525512695,3669.8489999999993,-4630.708204486274,-2540.5791486887365,113742.12774160557,111201.54859291684
2024-01-31,43343.70986223221,52114.860136032104,3669.8489999999993,-4630.708204486274,-2536.0873339967275,113186.48331663069,110650.39598263397
2024-02-01,43614.81980419159,52521.61033630371,3669.8489999999993,-4565.460204486274,-2464.074906219652,114180.22762845227,111716.15272223261
2024-02-02,43357.47928571701,52657.85024642944,3669.8489999999993,-4565.460204486274,-2440.10634464119,113829.47972815439,111389.3733835132
2024-02-05,42933.19979953766,52372.51961326599,3669.8489999999993,-4565.460204486274,-2479.871625107364,113479.50830487776,110999.6366797704
2024-02-06,43069.370074272156,52731.34084320068,3669.8489999999993,-4565.460204486274,-2513.153855947683,114483.42614491264,111970.27228896494
2024-02-07,43000.46055841446,53014.06014060974,3669.8489999999993,-4565.460204486274,-2488.6372393849006,114512.71677062391,112024.07953123901
2024-02-08,42860.87981700897,52919.05070114136,3669.8489999999993,-4565.460204486274,-2477.0867220738264,114111.09087205963,111634.0041499858
2024-02-09,42954.31952762604,52865.46998786926,3669.8489999999993,-4564.500204486274,-2473.968074998382,114111.23981214178,111637.2717371434
2024-02-12,43020.509892463684,52805.57035255432,3669.8489999999993,-4564.500204486274,-2472.9641536234312,114085.1911531727,111612.22699954927
2024-02-13,42441.039972782135,52138.15976524353,3669.8489999999993,-4564.500204486274,-2471.823111280195,112594.49980808671,110122.6766968065
2024-02-14,42965.81934928894,52555.309926986694,3669.8489999999993,-4564.500204486274,-2522.2607741146785,114261.30268844389,111739.04191432921
2024-02-15,43318.40939664841,52888.130725860596,3669.8489999999993,-4564.500204486274,-2509.891048035145,114922.06475218659,112412.17370415144
2024-02-16,43370.440888404846,52587.500091552734,3669.8489999999993,-4551.600204486274,-2459.0170441609826,114181.0853164357,111722.06827227472
2024-02-20,43416.069779872894,52308.29075050354,3669.8489999999993,-4551.600204486274,-2473.900913476281,114021.80014602885,111547.89923255258
2024-02-21,43282.60041856766,52289.729751586914,3669.8489999999993,-4513.725204486274,-2433.5651641481136,113988.2510169044,111554.68585275629
2024-02-22,43447.40105819702,52769.75984573364,3669.8489999999993,-4513.725204486274,-2422.3257914093583,114670.74455313924,112248.41876172989
2024-02-23,43509.910985946655,52894.63980674744,3857.249999999999,-4513.725204486274,-2227.8835030304153,114819.29076361934,112591.40726058892
2024-02-26,43340.62009334564,52864.619760513306,3857.249999999999,-4513.725204486274,-2239.5291246401857,114745.92183116406,112506.39270652387
2024-02-27,43447.79939508438,53575.64936065674,3857.249999999999,-4513.725204486274,-2236.865638664657,115781.88882877027,113545.02319010561
2024-02-28,43482.50963115692,54054.860248565674,3862.706999999999,-4513.725204486274,-2245.130703179391,116627.92688831114,114382.79618513175
2024-02-29,43636.93986701965,54073.54926109314,3862.706999999999,-4513.725204486274,-2265.8036589732915,117055.30452195073,114789.50086297744
2024-03-01,43990.70001888275,54260.60943412781,3862.706999999999,-4450.109204486274,-2177.737815263358,117642.42447521417,115464.6866599508
2024-03-04,43947.6007270813,54243.61982154846,3864.956999999999,-4450.109204486274,-2166.008942098017,117460.72336912155,115294.71442702353
2024-03-05,43960.08041191101,53934.48002624512,3864.956999999999,-4450.109204486274,-2174.731330310717,117159.95813344969,114985.22680313897
2024-03-06,44103.9308385849,54279.080253601074,3864.956999999999,-4450.109204486274,-2182.7412646023827,117869.19914323356,115686.45787863118
2024-03-07,44277.05934333801,54579.190017700195,3864.956999999999,-4415.1142044862745,-2101.0541962728453,118028.27927740771,115927.22508113486
2024-03-08,44277.370122909546,54239.30986213684,3864.956999999999,-4415.1142044862745,-2074.25437439796,117240.08663551249,115165.83226111453
2024-03-11,44346.089782714844,54019.340103149414,3864.956999999999,-4415.1142044862745,-2088.603508194283,117188.46599804243,115099.86248984815
2024-03-12,44321.89079761505,54290.57079124451,3864.956999999999,-4415.1142044862745,-2085.5129417250023,117492.0047856366,115406.4918439116
2024-03-13,44578.35950946808,54202.56978034973,3864.956999999999,-4415.1142044862745,-2092.400925952435,117714.43113358322,115622.03020763079
2024-03-14,44256.17012119293,53983.14045906067,3876.478999999999,-4415.1142044862745,-2069.046140638678,116951.48532817965,114882.43918754098
2024-03-15,44316.58976459503,53983.53964614868,3876.478999999999,-4375.2392044862745,-2046.5886549661695,117397.88718276231,115351.29852779614
2024-03-18,44178.70941066742,54063.42970085144,3876.478999999999,-4375.2392044862745,-2050.26363124767,117413.57009461493,115363.30646336726
2024-03-19,44330.390374183655,54350.730098724365,3876.478999999999,-4375.2392044862745,-2045.3196772067463,117893.0155385003,115847.69586129356
2024-03-20,44666.81954956055,54702.1298866272,3876.478999999999,-4375.2392044862745,-2062.077172657832,118914.5705668454,116852.49339418756
2024-03-21,44715.17114162445,54900.63065338135,3876.478999999999,-4375.2392044862745,-2017.7996021972199,118676.75298509176,116658.95338289454
2024-03-22,44682.96903514862,54871.84101867676,3932.0539999999987,-4375.2392044862745,-1986.332050211308,118908.10810899737,116921.77605878607
2024-03-25,44608.21932411194,55001.650091171265,3932.0539999999987,-4375.2392044862745,-2023.3029583489638,119473.71679343075,117450.41383508178
2024-03-26,44543.55927371979,55088.51975631714,3932.0539999999987,-4375.2392044862745,-2011.5332287480055,119379.10703955298,117367.57381080497
2024-03-27,44825.63939189911,55395.569595336914,3937.5109999999986,-4375.2392044862745,-2004.501611462474,120058.36559738849,118053.86398592601
2024-03-28,44878.77049160004,55359.43055343628,3937.5109999999986,-4375.2392044862745,-2006.6890725076937,120090.09397130873,118083.40489880103
2024-04-01,44665.759125709534,55042.02970123291,3937.5109999999986,-4309.319204486274,-1889.5074113900882,119093.04224167434,117203.53483028425
2024-04-02,44557.00087451935,54746.560470581055,3937.5109999999986,-4309.319204486274,-1911.8296902941138,118868.34069841448,116956.51100812037
2024-04-03,44581.81080341339,55085.759004592896,3937.5109999999986,-4309.319204486274,-1907.7790799988934,119301.78984872109,117394.0107687222
2024-04-04,44525.64066314697,54579.67051887512,3937.5109999999986,-4309.319204486274,-1890.3262665341063,118338.09751570743,116447.77124917333
2024-04-05,44679.52015399933,55173.28966140747,3937.5109999999986,-4309.319204486274,-1899.2463422685669,119408.98164134366,117509.7352990751
2024-04-08,44695.309564590454,55197.108907699585,3937.5109999999986,-4306.019204486274,-1920.4404785480892,119786.00711664994,117865.56663810185
2024-04-09,45118.970786094666,55051.18995857239,3937.5109999999986,-4306.019204486274,-1906.101467777993,119827.8387058577,117921.73723807972
2024-04-10,44679.550810813904,54816.7103805542,3937.5109999999986,-4306.019204486274,-1907.0059331956527,119081.72526174117,117174.71932854551
2024-04-11,44582.91013431549,54971.42007064819,3937.5109999999986,-4306.019204486274,-1956.1376034487148,119822.29429484683,117866.15669139811
2024-04-12,44422.15142536163,54516.6897315979,3937.5109999999986,-4306.019204486274,-1956.0944847795417,119038.60025109375,117082.5057663142
2024-04-15,44165.259499549866,53932.17002105713,3937.5109999999986,-4306.019204486274,-1986.7102798450842,118365.13974487917,116378.42946503409
2024-04-16,44029.290987968445,53914.85983276367,3937.5109999999986,-4306.019204486274,-1998.896437061455,118357.93646773904,116359.04003067758
2024-04-17,44103.340092659,53694.450145721436,3937.5109999999986,-4306.019204486274,-2012.8910117956548,118302.62927290323,116289.73826110757
2024-04-18,44204.619201660156,53559.15000152588,3937.5109999999986,-4306.019204486274,-1992.652443111163,117965.20834446882,115972.55590135766
2024-04-19,44262.89908027649,53418.190017700195,3937.5109999999986,-4306.019204486274,-1991.5760163343002,117816.00737576325,115824.43135942894
2024-04-22,44281.30063247681,53826.42994308472,3937.5109999999986,-4306.019204486274,-1978.529025686933,118233.43573938789,116254.90671370096
2024-04-23,44380.01960468292,54378.699783325195,3937.5109999999986,-4306.019204486274,-1961.9504107072735,118881.55471208063,116919.60430137336
2024-04-24,44205.0795879364,54233.78007507324,3993.8269999999984,-4306.019204486274,-1888.4536743116578,118291.67820275425,116403.22452844259
2024-04-25,44239.309571266174,53897.3096446991,3993.8269999999984,-4306.019204486274,-1907.2277481967267,118101.2595278562,116194.03177965946
2024-04-26,44515.5901260376,54087.17031669617,3993.8269999999984,-4306.019204486274,-1887.334128865621,118387.84859285461,116500.51446398899
2024-04-29,44634.779828071594,54076.58067893982,3999.2839999999983,-4306.019204486274,-1880.9726634479616,118481.2163563903,116600.24369294234
2024-04-30,44231.43090248108,53444.9205532074,3999.2839999999983,-4306.019204486274,-1885.6233199088006,117273.00114160818,115387.37782169938
2024-05-01,44289.00988674164,53331.8498210907,3999.2839999999983,-4238.979204486274,-1840.757527934053,117764.29784924959,115923.54032131554
2024-05-02,44470.939765930176,53907.83932876587,3999.2839999999983,-4238.979204486274,-1817.8672844032048,118448.66922939333,116630.80194499012
2024-05-03,44676.29039001465,54398.079792022705,3999.2839999999983,-4238.979204486274,-1793.7895254787968,119017.79118023637,117224.00165475757
2024-05-06,45089.02955913544,54815.71063232422,3999.2839999999983,-4238.979204486274,-1804.5145581225938,120139.96210290669,118335.4475447841
2024-05-07,45113.01096725464,55090.13043785095,3999.2839999999983,-4238.979204486274,-1795.782024711481,120426.1766604098,118630.3946356983
2024-05-08,45101.20072364807,55161.29996871948,3999.2839999999983,-4238.979204486274,-1822.190851087163,120855.31628555547,119033.12543446831
2024-05-09,45263.87947463989,55593.41973114014,3999.2839999999983,-4238.979204486274,-1819.6475468421463,121578.07878186967,119758.43123502753
2024-05-10,45098.51913642883,55643.94048690796,3999.2839999999983,-4237.979204486274,-1797.3390698893659,121207.18639570117,119409.8473258118
2024-05-13,45074.41059207916,55484.74938774109,3999.2839999999983,-4237.979204486274,-1797.0000763345101,120960.90126082217,119163.90118448765
2024-05-14,45467.331305503845,55887.500091552734,3999.2839999999983,-4237.979204486274,-1792.211224014873,121841.51207536766,120049.30085135279
2024-05-15,45597.910594940186,56558.68138504028,3999.2839999999983,-4237.979204486274,-1786.7443845855246,122816.34893511629,121029.60455053076
2024-05-16,45609.27043437958,56224.31029701233,3999.2839999999983,-4224.089204486274,-1744.2099414833078,122057.46315057512,120313.25320909181
2024-05-17,45859.43044090271,56257.66004562378,3999.2839999999983,-4224.089204486274,-1751.6443636204535,122451.98262556767,120700.33826194722
2024-05-20,45859.43044090271,56360.140213012695,3999.2839999999983,-4224.089204486274,-1748.8144088378226,122553.74644545656,120804.93203661875
2024-05-21,45969.02973175049,56682.50965118408,3999.2839999999983,-4224.089204486274,-1754.3479271841447,123176.27641953426,121421.92849235011
2024-05-22,45412.480260849,56509.37999725342,4190.020999999998,-4224.089204486274,-1571.7634125810828,122492.97005897912,120921.20664639803
2024-05-23,45175.568758010864,56210.24048995972,4190.020999999998,-4186.214204486274,-1540.4873793949655,122121.7636732922,120581.27629389723
2024-05-24,45392.589347839355,56811.41006851196,4190.020999999998,-4186.214204486274,-1558.5300122803264,123406.5831153883,121848.05310310797
2024-05-27,45461.41009807587,56811.41006851196,4190.020999999998,-4186.214204486274,-1530.8594851546868,123099.88517820029,121569.02569304561
2024-05-28,45233.4805727005,56667.319438934326,4190.020999999998,-4186.214204486274,-1515.3284985509472,122464.80385249572,120949.47535394477
2024-05-29,44774.809452056885,56058.93992805481,4190.020999999998,-4177.389204486274,-1510.4440710033914,121272.83569154699,119762.3916205436
2024-05-30,44998.86081504822,56304.53972053528,4190.020999999998,-4177.389204486274,-1540.1039741743589,122231.80067747309,120691.69670329873
2024-05-31,45353.71106529236,56294.3597984314,4195.477999999998,-4177.389204486274,-1520.568977823733,122382.97251135804,120862.4035335343
2024-06-03,45253.551235198975,55923.340061187744,4195.477999999998,-4109.037204486274,-1400.578507406477,121414.98650369297,120014.40799628649
2024-06-04,45097.500873565674,55675.97006416321,4195.477999999998,-4109.037204486274,-1404.6054442782533,120976.6089673151,119572.00352303685
2024-06-05,45428.58974838257,56399.38922691345,4195.477999999998,-4109.037204486274,-1424.1234258611294,122561.5219523597,121137.39852649858
2024-06-06,45556.24998855591,56087.97969055176,4195.477999999998,-4099.517204486274,-1416.7608809191224,122340.69183137597,120923.93095045685
2024-06-07,45190.43046760559,55766.33051490784,4195.477999999998,-4099.517204486274,-1407.8240142639588,121412.9651017663,120005.14108750234
2024-06-10,45253.70989704132,56405.39954948425,4195.477999999998,-4099.517204486274,-1445.0478451961608,122861.90083701594,121416.85299181979
2024-06-11,45050.19910240173,56476.06079864502,4195.477999999998,-4099.517204486274,-1445.9494976803726,122768.03426637688,121322.08476869651
2024-06-12,45198.22041606903,56738.70012283325,4195.477999999998,-4099.517204486274,-1443.3667153610995,123241.73222130595,121798.36550594485
2024-06-13,45090.76102924347,56707.1501121521,4195.477999999998,-4099.517204486274,-1429.838507194192,122903.74526376204,121473.90675656786
2024-06-14,45059.57072639465,56423.380599975586,4198.042999999998,-4082.8672044862737,-1412.2247026428622,122590.93630844,121178.71160579713
2024-06-17,44921.37952899933,56553.77925682068,4198.042999999998,-4082.8672044862737,-1408.9583535883703,122586.68211221915,121177.72375863077
2024-06-18,44991.03065395355,56913.8995552063,4198.042999999998,-4082.8672044862737,-1400.9153766660802,123038.7698293082,121637.85445264213
2024-06-19,44839.679491996765,56913.8995552063,4198.042999999998,-4082.8672044862737,-1402.0995559612047,122903.92575858966,121501.82620262845
2024-06-20,44925.2401342392,57019.150131225586,4198.042999999998,-4082.8672044862737,-1397.852961489375,123074.54452412539,121676.69156263601
2024-06-21,44876.7999420166,56844.140840530396,4198.042999999998,-4038.892204486274,-1329.0596274142335,122666.2987169072,121337.23908949297
2024-06-24,45202.94043159485,56878.099712371826,4198.042999999998,-4038.892204486274,-1335.7641454877294,123133.32794242506,121797.56379693733
2024-06-25,45013.64881134033,57176.58088493347,4255.099999999998,-4038.892204486274,-1261.1786223291165,123104.85176127087,121843.67313894175
2024-06-26,44930.27979850769,56751.64025306702,4265.150999999998,-4038.892204486274,-1252.4198971233182,122459.26120497317,121206.84130784986
2024-06-27,45038.70024585724,56600.9603099823,4265.150999999998,-4038.892204486274,-1269.9489017554015,122607.48742543322,121337.53852367782
2024-06-28,44999.56006717682,56453.07967376709,4270.607999999998,-4038.892204486274,-1262.391714478088,122336.32913702425,121073.93742254617
2024-07-01,44999.56006717682,56363.06053352356,4270.607999999998,-3970.316204486274,-1157.8862084343073,122063.08143863251,120905.1952301982
2024-07-02,44896.61956501007,56643.57020187378,4270.607999999998,-3970.316204486274,-1183.7330435620179,122712.42412406851,121528.69108050648
2024-07-03,45316.8186378479,56896.02035140991,4270.607999999998,-3970.316204486274,-1159.5138822303916,123132.3651106741,121972.85122844372
2024-07-04,45313.15017223358,56896.02035140991,4270.607999999998,-3970.316204486274,-1142.243217264082,122881.20197340235,121738.95875613827
2024-07-05,45316.01862716675,56958.19013404846,4270.607999999998,-3970.316204486274,-1135.057125014604,122865.73661780621,121730.6794927916
2024-07-08,45334.09109592438,56904.97014045715,4270.607999999998,-3970.316204486274,-1144.1094335414782,122941.09215204284,121796.98271850136
2024-07-09,45196.21026992798,56797.23966598511,4270.607999999998,-3967.0162044862736,-1136.2366065177102,122608.00622020283,121471.76961368513
2024-07-10,45466.91059207916,57125.48013687134,4270.607999999998,-3967.0162044862736,-1136.4352266947271,123328.94203436162,122192.5068076669
2024-07-11,45700.47945308685,57236.64998817444,4270.607999999998,-3967.0162044862736,-1131.3571708356649,123640.76852520315,122509.41135436749
2024-07-12,45904.16075229645,57356.34939956665,4270.607999999998,-3967.0162044862736,-1134.2135181432395,124048.74485718158,122914.53133903834
2024-07-15,45874.11016559601,57433.750940322876,4270.607999999998,-3967.0162044862736,-1142.7820871607792,124248.20343428425,123105.42134712347
2024-07-16,46155.73951911926,57708.99956703186,4270.607999999998,-3967.0162044862736,-1154.6832190055502,125078.56525765383,123923.88203864827
2024-07-17,46075.01035308838,56836.29994010925,4270.607999999998,-3967.0162044862736,-1152.1049399457997,123767.39255090288,122615.28761095708
2024-07-18,45678.820905685425,56396.569328308105,4270.607999999998,-3967.0162044862736,-1155.7543492458908,122821.99468039328,121666.24033114739
2024-07-19,45694.06928920746,56498.50011444092,4270.607999999998,-3967.0162044862736,-1164.997753960104,123108.31629048492,121943.3185365248
2024-07-22,45821.81981754303,57270.61054992676,4270.607999999998,-3967.0162044862736,-1166.9811182991716,124322.64579663916,123155.66467833999
2024-07-23,45797.260789871216,57385.870473861694,4270.607999999998,-3967.0162044862736,-1188.4822253664197,124767.10321797155,123578.62099260514
2024-07-24,45686.43889713287,56302.39936065674,4270.607999999998,-3967.0162044862736,-1198.2410967305095,123303.79915370939,122105.55805697889
2024-07-25,45874.77006816864,56216.36961174011,4270.607999999998,-3967.0162044862736,-1207.960244059197,123511.2609407986,122303.3006967394
2024-07-26,46171.13997077942,56798.52961349487,4328.405999999998,-3967.0162044862736,-1153.7326781936654,124662.73163771883,123508.99895952515
2024-07-29,46160.489475250244,56762.800313949585,4328.405999999998,-3967.0162044862736,-1157.183940221923,124652.08878580833,123494.90484558641
2024-07-30,46286.3798122406,56471.97020530701,4328.405999999998,-3967.0162044862736,-1168.2120890981869,124532.80910750522,123364.59701840703
2024-07-31,46772.16934299469,57450.48948478699,4333.8629999999985,-3967.0162044862736,-1160.2959821446457,126338.80243980211,125178.50645765747
2024-08-01,46347.01890182495,56273.16032409668,4333.8629999999985,-3897.5122044862733,-1047.9389703052047,124050.68965849999,123002.75068819479
2024-08-02,45992.689774513245,55220.97074890137,4333.8629999999985,-3897.5122044862733,-1076.1176881198753,122642.70898084591,121566.59129272604
2024-08-05,45992.689774513245,54506.58018684387,4333.8629999999985,-3897.5122044862733,-1077.091995548808,121664.71769345063,120587.62569790182
2024-08-06,45484.360199928284,55286.870668411255,4333.8629999999985,-3897.5122044862733,-1046.769522618688,121809.54374902688,120762.77422640819
2024-08-07,45275.771324157715,55066.35959625244,4333.8629999999985,-3897.5122044862733,-1039.44200594644,121193.0052297256,120153.56322377916
2024-08-08,45642.2988615036,55839.230237960815,4333.8629999999985,-3897.5122044862733,-1027.0482764916042,122447.48723492959,121420.43895843798
2024-08-09,45884.44061279297,55965.609910964966,4333.8629999999985,-3887.9922044862733,-1006.4499829641645,122755.44690292125,121748.99691995708
2024-08-12,46015.03109359741,55842.99034690857,4333.8629999999985,-3878.1672044862735,-993.1486614139958,122720.40378668031,121727.25512526631
2024-08-13,46282.69095802307,56323.39000892639,4333.8629999999985,-3878.1672044862735,-995.6308229026345,123683.98474191813,122688.3539190155
2024-08-14,46466.88975524902,56339.64045715332,4333.8629999999985,-3878.1672044862735,-982.7553903344487,123703.46898598141,122720.71359564696
2024-08-15,46810.00961589813,57041.81977081299,4333.8629999999985,-3878.1672044862735,-985.3147581871408,125046.85785195045,124061.5430937633
2024-08-16,46749.68893241882,57082.11034965515,4333.8629999999985,-3864.2772044862736,-973.1808876370524,125143.97816013334,124170.79727249629
2024-08-19,46872.94944381714,57440.680044174194,4333.8629999999985,-3864.2772044862736,-951.8114357281174,125442.0370154456,124490.22557971749
2024-08-20,46855.42129898071,57206.8701839447,4333.8629999999985,-3864.2772044862736,-933.1469660694838,124828.38737829609,123895.2404122266
2024-08-21,46935.78915596008,57528.70015525818,4333.8629999999985,-3864.2772044862736,-928.2391185056686,125274.34483990874,124346.10572140307
2024-08-22,46772.44055366516,57238.9386177063,4333.8629999999985,-3864.2772044862736,-915.1006990981641,124521.80869693484,123606.70799783667
2024-08-23,47242.64942741394,57578.850145339966,4333.8629999999985,-3818.827204486274,-861.0403962916489,125569.46238800007,124708.42199170843
2024-08-26,47288.71946334839,57568.049743652344,4333.8629999999985,-3818.827204486274,-824.6089305832229,125051.64320919986,124227.03427861663
2024-08-27,46936.75990486145,57677.68979072571,4529.714999999998,-3818.827204486274,-618.8659381000998,124698.39673967843,124079.53080157832
2024-08-28,46708.39031505585,57492.27979469299,4529.714999999998,-3818.827204486274,-605.7290867130923,124022.2808090953,123416.55172238221
2024-08-29,46719.02045059204,57725.059509277344,4529.714999999998,-3818.827204486274,-616.9184227577698,124515.08314023493,123898.16471747716
2024-08-30,46880.37131881714,58073.73964881897,4535.171999999999,-3818.827204486274,-616.0821054891039,125216.61796429146,124600.53585880237
2024-09-03,46555.17136192322,56715.58075141907,4537.421999999999,-3749.195204486274,-522.9792988431936,123105.89300898483,122582.91371014164
2024-09-04,46656.87092876434,56551.31080245972,4537.421999999999,-3749.195204486274,-540.2628729180205,123246.5707826777,122706.3079097597
2024-09-05,46661.229722976685,56343.38989639282,4537.421999999999,-3749.195204486274,-527.0285652474222,122770.44710042763,122243.4185351802
2024-09-06,46411.01060009003,55866.9500541687,4537.421999999999,-3732.545204486274,-501.5514911884957,121831.95393338139,121330.40244219289
2024-09-09,46720.72969341278,56246.85877799988,4537.421999999999,-3732.545204486274,-524.6931070012888,123003.28166338135,122478.58855638005
2024-09-10,46761.99030780792,56430.85953330994,4537.421999999999,-3732.545204486274,-525.4023637761857,123304.80891069611,122779.40654691993
2024-09-11,46898.00035572052,56911.79976654053,4537.421999999999,-3732.545204486274,-542.422746557454,124352.68374808978,123810.26100153233
2024-09-12,47266.21995925903,57321.41067695618,4537.421999999999,-3732.545204486274,-530.7769638916025,125099.52090698038,124568.74394308878
2024-09-13,47516.390033721924,57691.35941696167,4539.986999999998,-3732.545204486274,-527.2415190822876,125837.02266554825,125309.78114646596
2024-09-16,47750.419558525085,58030.81131744385,4539.986999999998,-3732.545204486274,-527.9507758571835,126542.91227524541,126014.96149938823
2024-09-17,47697.92988204956,58170.76972579956,4539.986999999998,-3732.545204486274,-531.1606744607616,126730.47937723562,126199.31870277486
2024-09-18,47572.22952747345,58058.320249557495,4539.986999999998,-3732.545204486274,-533.3258209266633,126485.67982662018,125952.35400569352
2024-09-19,47950.27952671051,58654.37981414795,4539.986999999998,-3732.545204486274,-540.26843915672,127782.99842400281,127242.7299848461
2024-09-20,47955.070850372314,59613.020612716675,4539.986999999998,-3688.895204486274,-463.1507353310262,128806.41967205412,128343.26893672309
2024-09-23,48046.91085243225,59829.820137023926,4539.986999999998,-3688.895204486274,-463.70438130690764,129201.27788370174,128737.57350239484
2024-09-24,48216.35997772217,59776.01965522766,4597.784999999998,-3688.895204486274,-393.10568177399455,129090.32439069655,128697.21870892256
2024-09-25,48071.289731025696,59866.27966880798,4597.784999999998,-3688.895204486274,-353.08134329834775,128417.8251246934,128064.74378139505
2024-09-26,48371.450550079346,59949.14910888672,4607.697999999998,-3688.895204486274,-365.74425839748164,129196.09180595112,128830.34754755364
2024-09-27,48427.18961143494,59967.309129714966,4613.154999999998,-3688.895204486274,-357.8892985035318,129237.33292570741,128879.44362720387
2024-09-30,48498.409066200256,60213.28983879089,4613.154999999998,-3688.895204486274,-370.0998527627098,129839.33965838527,129469.23980562256
2024-10-01,48574.32951259613,60258.42974662781,4613.154999999998,-3620.0632044862737,-283.77697834364517,130087.11393728432,129803.33695894066
2024-10-02,48456.970052719116,60272.26944541931,4613.154999999998,-3620.0632044862737,-271.975512778311,129791.98712571456,129520.01161293624
2024-10-03,48230.79004573822,60269.24993515015,4613.154999999998,-3620.0632044862737,-275.70406298434773,129623.80782497925,129348.10376199489
2024-10-04,48266.3898191452,60658.60905456543,4613.154999999998,-3620.0632044862737,-291.3790779303981,130447.8873298198,130156.5082518894
2024-10-07,48210.07985877991,60133.0903301239,4613.154999999998,-3620.0632044862737,-302.6014098873411,129866.00892386089,129563.40751397355
2024-10-08,48117.059166908264,60543.11036491394,4613.154999999998,-3620.0632044862737,-316.64691029890037,130564.66415969051,130248.0172493916
2024-10-09,48420.359820365906,60351.2405090332,4613.154999999998,-3616.7632044862735,-324.45028128945796,130811.87594178121,130487.42566049175
2024-10-10,48554.14947319031,60289.019914627075,4613.154999999998,-3616.7632044862735,-345.1740223662655,131206.1729183286,130860.99889596234
2024-10-11,48783.039315223694,60714.210708618164,4613.154999999998,-3616.7632044862735,-358.33924172673505,132238.97266316105,131880.63342143432
2024-10-14,48783.039315223694,61050.2598400116,4613.154999999998,-3616.7632044862735,-371.1785103475113,132917.62008029612,132546.44156994863
2024-10-15,48777.26015853882,60765.850410461426,4613.154999999998,-3616.7632044862735,-379.0271972064602,132651.757731654,132272.73053444756
2024-10-16,48939.349301338196,61376.56978416443,4613.154999999998,-3616.7632044862735,-371.1427247504289,133523.01702631701,133151.8743015666
2024-10-17,48990.219738960266,61212.429584503174,4613.154999999998,-3616.7632044862735,-361.7026567007324,133187.91441412893,132826.2117574282
2024-10-18,49200.57037734985,61686.340673446655,4613.154999999998,-3616.7632044862735,-376.42304050309485,134301.1958320209,133924.7727915178
2024-10-21,48840.53042125702,61486.28985404968,4613.154999999998,-3616.7632044862735,-377.8333379495698,133689.14733504743,133311.31399709787
2024-10-22,48883.98002719879,61219.56999397278,4613.154999999998,-3616.7632044862735,-390.09443204398667,133572.07307746742,133181.97864542343
2024-10-23,48681.31940460205,60842.84931755066,4613.154999999998,-3616.7632044862735,-383.8375575275586,132743.01988901512,132359.18233148757
2024-10-24,48797.5095205307,61133.389474868774,4613.154999999998,-3616.7632044862735,-391.25164340025003,133385.94484914752,132994.69320574726
2024-10-25,48809.20952129364,60972.28924179077,4613.154999999998,-3616.7632044862735,-397.25543182646743,133275.94864606357,132878.6932142371
2024-10-28,48841.589796066284,61194.21071243286,4671.693999999998,-3616.7632044862735,-354.0154213069618,133874.6162672037,133520.60084589676
2024-10-29,48687.20045375824,61151.44082450867,4671.693999999998,-3616.7632044862735,-351.91786793579104,133625.3306267038,133273.412758768
2024-10-30,48645.690117836,60843.480670928955,4671.693999999998,-3616.7632044862735,-360.2365102263075,133296.01125488122,132935.77474465492
2024-10-31,48237.04926300049,60352.63981437683,4677.150999999998,-3616.7632044862735,-353.0432620401398,132175.50067079038,131822.45740875026
2024-11-01,48298.21040534973,60176.99924659729,4677.150999999998,-3548.603204486273,-267.89852898749996,132156.06225084706,131888.16372185954
2024-11-04,48368.13974094391,59336.28945350647,4677.150999999998,-3548.603204486273,-262.07895388229554,130957.13640601831,130695.05745213601
2024-11-05,48559.311084747314,60211.97039222717,4677.150999999998,-3548.603204486273,-255.6557200088182,132258.1624525909,132002.5067325821
2024-11-06,48658.3810710907,61622.7689704895,4677.150999999998,-3548.603204486273,-231.631623926849,133901.15410871152,133669.52248478465
2024-11-07,49139.170892715454,61813.95977020264,4677.150999999998,-3548.603204486273,-272.5116326090929,135358.51670781535,135086.00507520625
2024-11-08,49041.500321388245,62096.15024757385,4677.150999999998,-3538.083204486273,-229.21496532540823,135152.0920016838,134922.8770363584
2024-11-11,48960.90999126434,62076.94048500061,4677.150999999998,-3538.083204486273,-243.54426033945765,135296.27554558282,135052.73128524335
2024-11-12,48947.63031768799,61536.42026901245,4677.150999999998,-3538.083204486273,-248.39169036231215,134615.56052994746,134367.16883958515
2024-11-13,48976.83034515381,61458.2104511261,4677.150999999998,-3538.083204486273,-256.8828120207236,134683.37563149372,134426.492819473
2024-11-14,49064.980845451355,61275.36944580078,4677.150999999998,-3538.083204486273,-273.5828896118601,134805.77058413142,134532.18769451955
2024-11-15,48940.020773887634,60825.47025871277,4677.150999999998,-3529.2582044862734,-285.5153656741004,134469.7547688428,134184.2394031687
2024-11-18,49110.99081325531,61119.39071846008,4677.150999999998,-3515.3682044862735,-274.5613555355203,135203.15088831336,134928.58953277784
2024-11-19,49066.58001804352,61397.0195980072,4677.150999999998,-3515.3682044862735,-252.23904435488475,135159.9391072109,134907.70006285602
2024-11-20,48999.34926891327,61248.72013282776,4677.150999999998,-3515.3682044862735,-228.54513491464695,134471.9348264172,134243.38969150253
2024-11-21,49033.579650878906,61895.86924171448,4899.174999999997,-3515.3682044862735,-11.091452855136595,135489.7323577369,135478.64090488176
2024-11-22,49086.88966178894,62014.50966835022,4899.174999999997,-3469.9182044862737,48.22934350984269,135783.17429642583,135831.40363993568
2024-11-25,49417.21968841553,62437.720167160034,4899.174999999997,-3469.9182044862737,64.60726239560245,136410.44827214634,136475.05553454196
2024-11-26,49424.410608291626,62926.01049995422,4899.174999999997,-3469.9182044862737,7.145561076836202,138140.01648100687,138147.1620420837
2024-11-27,49558.32044029236,62507.98032569885,4899.174999999997,-3469.9182044862737,22.864127467169055,137401.4124440708,137424.27657153798
2024-11-28,49666.58158683777,62507.98032569885,4899.174999999997,-3469.9182044862737,32.16372771947135,137342.14824985855,137374.31197757804
2024-11-29,49988.45958328247,62842.319553375244,4904.631999999998,-3469.9182044862737,44.24817168541631,138012.95344486696,138057.20161655237
2024-12-02,49797.410274505615,62611.00023269653,4904.631999999998,-3401.8862044862735,137.70487468139345,137531.70160940403,137669.40648408543
2024-12-03,49816.90068244934,62512.11925506592,4904.631999999998,-3401.8862044862735,127.36328998693625,137602.66815462417,137730.03144461112
2024-12-04,49874.73069667816,63068.0689125061,4904.631999999998,-3401.8862044862735,119.57293502122775,138585.6447956012,138705.21773062242
2024-12-05,49999.38966464996,62948.659408569336,4904.631999999998,-3401.8862044862735,117.1234949383088,138587.66810363065,138704.79159856896
2024-12-06,50064.56026649475,62938.170125961304,4904.631999999998,-3250.2362044862734,347.31319243176495,138313.3177054355,138660.63089786726
2024-12-09,50079.170886039734,62102.390115737915,4904.631999999998,-3250.2362044862734,306.2627552921449,137940.39166036027,138246.65441565242
2024-12-10,49985.21967983246,61873.89967536926,4904.631999999998,-3250.2362044862734,298.3973508113213,137672.9083997227,137971.30575053403
2024-12-11,50137.520882606506,62186.10088348389,4904.631999999998,-3250.2362044862734,297.6170096968199,138282.59125111482,138580.20826081163
2024-12-12,49720.33895969391,62046.78018760681,4904.631999999998,-3250.2362044862734,305.9051312361944,137509.7109367773,137815.61606801348
2024-12-13,49343.790868759155,61844.32069969177,4907.196999999997,-3250.2362044862734,286.27109259952886,137269.10022084002,137555.37131343954
2024-12-16,49155.12912654877,61861.959131240845,4907.196999999997,-3250.2362044862734,283.44342156992116,137159.33463843097,137442.77806000088
2024-12-17,49209.1103849411,61581.910078048706,4907.196999999997,-3250.2362044862734,280.58320403901234,136869.11317349604,137149.69637753506
2024-12-18,48403.8891210556,60157.24046134949,4907.196999999997,-3219.9002044862737,299.6165539925387,134487.09270894626,134786.7092629388
2024-12-19,48074.48945426941,60083.549182891846,4907.196999999997,-3181.5002044862736,306.42956521521137,134961.30972136883,135267.73928658405
2024-12-20,48447.589529037476,60428.53092956543,4907.196999999997,-3132.3502044862735,395.64167267474477,135483.40699518583,135879.04866786057
2024-12-23,19087.620113372803,79119.1510887146,3484.050396607261,0.0,3484.050396607261,132713.01027270418,136197.06066931144
2024-12-24,19150.219749450684,79690.3394203186,3484.050396607261,0.0,3484.050396607261,133698.70828106988,137182.75867767713
2024-12-26,19150.219749450684,79873.72011375427,3484.050396607261,0.0,3484.050396607261,133797.75904435132,137281.80944095858
2024-12-27,19117.969793319702,79138.03937149048,3494.653396607261,0.0,3494.653396607261,133159.053140542,136653.70653714926
2024-12-30,18981.079830169678,78473.5090751648,3509.189396607261,0.0,3509.189396607261,132009.61719634614,135518.8065929534
2024-12-31,19076.080129623413,78236.39165115356,3514.646396607261,0.0,3514.646396607261,131343.74014602735,134858.3865426346
2025-01-02,19170.810089111328,78873.28154182434,3514.646396607261,0.0,3514.646396607261,132547.9930897238,136062.63948633106
2025-01-03,19248.200162887573,80341.56012153625,3514.646396607261,0.0,3514.646396607261,134964.14822520432,138478.79462181157
2025-01-06,19233.850180625916,81295.14965057373,3514.646396607261,0.0,3514.646396607261,136624.04674122896,140138.6931378362
2025-01-07,19248.480093955994,80458.41055297852,3514.646396607261,0.0,3514.646396607261,134614.5721714216,138129.21856802885
2025-01-08,19151.93000602722,80048.74045562744,3514.646396607261,0.0,3514.646396607261,134134.7373019783,137649.38369858556
2025-01-09,19190.82019329071,80048.74045562744,3514.646396607261,0.0,3514.646396607261,134276.89700299315,137791.5433996004
2025-01-10,19053.030053138733,80847.46996307373,3514.646396607261,3.8,3520.119004744392,135486.32531270455,139006.44431744894
2025-01-13,18876.14994239807,80114.75018882751,3514.646396607261,3.8,3520.124058812957,134360.76552874688,137880.88958755982
2025-01-14,18879.660006523132,80852.6194152832,3514.646396607261,3.8,3520.104260653358,135006.66120110799,138526.76546176133
2025-01-15,19051.089938163757,82794.59037017822,3514.646396607261,3.8,3520.0999667109063,137873.74856615457,141393.84853286546
2025-01-16,19184.18036174774,83508.14004135132,3514.646396607261,3.8,3520.0903527916485,138819.6159998497,142339.70635264134
2025-01-17,19330.920315742493,83815.48018455505,3514.646396607261,3.8,3520.1168004692604,139990.00623598817,143510.12303645743
2025-01-20,19404.86975002289,83815.48018455505,3514.646396607261,3.8,3520.1466306627804,140721.91145812193,144242.05808878472
2025-01-21,19465.009815216064,84694.46026039124,3514.646396607261,3.8,3520.081384390693,140600.10372037237,144120.18510476305
2025-01-22,19265.530148506165,85050.60982894897,3514.646396607261,3.8,3520.0966226995997,141251.07037457044,144771.16699727005
2025-01-23,19353.489862442017,85407.87976837158,3514.646396607261,3.8,3520.1159646929314,142286.1776113541,145806.29357604703
2025-01-24,19354.950176239014,85106.61894607544,3514.646396607261,3.8,3520.1101885498574,141724.64987602644,145244.7600645763
2025-01-27,19268.03959941864,82807.65023231506,3514.646396607261,3.8,3520.112734383445,138387.66765782452,141907.78039220796
2025-01-28,18959.649891853333,82800.48983383179,3529.182396607261,3.8,3534.6547764347606,138200.63154283474,141735.2863192695
2025-01-29,19025.009967803955,83234.28059959412,3529.182396607261,3.8,3534.6543587730935,138881.54532076887,142416.19967954195
2025-01-30,19235.530081748962,84267.67900276184,3529.182396607261,3.8,3534.6540167616417,140572.56450132877,144107.2185180904
2025-01-31,19130.799674987793,83695.08048057556,3534.639396607261,3.8,3540.146736800056,140430.0840617955,143970.23079859556
2025-02-03,19055.48017024994,83253.1902141571,3534.639396607261,72.472,3641.2964356068187,141579.19630212063,145220.49273772744
2025-02-04,19151.870003700256,83872.25999069214,3534.639396607261,72.472,3639.1295260828547,140078.8943143039,143718.02384038677
2025-02-05,19291.49992465973,84439.64923286438,3534.639396607261,72.472,3638.5207639368587,140327.29608236958,143965.81684630644
2025-02-06,19386.480228424072,84690.82974624634,3534.639396607261,72.472,3638.3852386787944,140623.94363168575,144262.32887036455
2025-02-07,19483.759929656982,84129.37001037598,3534.639396607261,72.472,3638.318560286384,139840.07303716423,143478.39159745062
2025-02-10,19580.19005870819,85107.68912696838,3534.639396607261,73.472,3639.9379956978373,141554.82579621408,145194.76379191192
2025-02-11,19305.48021888733,84477.4395942688,3534.639396607261,73.472,3639.9732663582377,140417.40883276338,144057.3820991216
2025-02-12,19341.850081443787,84003.86943054199,3534.639396607261,73.472,3639.5948797005226,139342.213455053,142981.8083347535
2025-02-13,19255.499948501587,84635.40851020813,3534.639396607261,73.472,3639.709502777915,140290.06220302393,143929.77170580186
2025-02-14,19166.19024372101,84642.41968536377,3534.639396607261,73.472,3638.9115905769877,139291.55505615642,142930.4666467334
2025-02-18,19094.999926567078,85058.0901260376,3534.639396607261,87.362,3658.562388941627,139749.8962277593,143408.45861670093
2025-02-19,18841.42967414856,84988.08436965942,3534.639396607261,87.362,3658.599089153152,139432.72575856984,143091.32484772298
2025-02-20,18801.820023536682,84491.38019561768,3534.639396607261,94.96199999999999,3669.86907928,139120.9216898361,142790.7907691161
2025-02-21,18690.53984260559,82887.55968093872,3534.639396607261,112.81199999999998,3694.561691830974,136191.94740268966,139886.50909452065
2025-02-24,18696.45969772339,82151.82139587402,3534.639396607261,158.262,3759.5550177863647,135447.34076991887,139206.89578770523
2025-02-25,18791.209966659546,81706.57989692688,3549.175396607261,158.262,3775.110231942754,135435.52556256054,139210.6357945033
2025-02-26,18927.189770698547,82163.83929634094,3549.175396607261,158.262,3775.5011416908314,136427.23493423188,140202.7360759227
2025-02-27,18571.879997253418,80698.70940589905,3610.663396607261,158.262,3837.547791717391,134261.54567647894,138099.09346819634
2025-02-28,18753.58029937744,81482.82538223267,3616.120396607261,161.782,3849.790228986125,136443.29948212072,140293.08971110685
2025-03-03,18783.609817504883,79529.13066864014,3616.120396607261,228.726,3946.4236183115054,133631.6291908585,137578.05280917
2025-03-04,18738.08979034424,78484.92028808594,3618.370396607261,228.726,3949.794370825391,132462.73936262983,136412.53373345523
2025-03-05,18931.90972328186,79997.93005561829,3618.370396607261,232.926,3953.716292963128,134105.73128513113,138059.44757809426
2025-03-06,18726.220237731934,78336.4305305481,3618.370396607261,232.926,3952.3536580034306,131049.69015833733,135002.04381634077
2025-03-07,18717.500135421753,78482.84879684448,3618.370396607261,269.69599999999997,4003.7956607063816,130878.12811943032,134881.92378013668
2025-03-10,18555.550030708313,76785.18097496033,3618.370396607261,269.69599999999997,4005.928927475791,128897.38651004003,132903.31543751582
2025-03-11,18557.689918518066,76918.02958679199,3618.370396607261,269.69599999999997,4007.512070999961,129541.94932314954,133549.46139414952
2025-03-12,18698.45014667511,77324.00010299683,3618.370396607261,275.366,4015.7896352520993,130295.54365097992,134311.33328623202
2025-03-13,18781.469696044922,76457.85938835144,3618.370396607261,275.366,4013.8427798586895,128587.95223424485,132601.79501410353
2025-03-14,18837.879919052124,78257.54014396667,3631.561396607261,275.366,4028.7988766645003,131730.64097984968,135759.4398565142
2025-03-17,18977.519947052002,78732.45629692078,3631.561396607261,275.366,4027.2403222161342,132109.76473440116,136137.0050566173
2025-03-18,19047.8696975708,78239.34071540833,3631.561396607261,275.366,4025.199846542459,130891.78943771718,134916.98928425965
2025-03-19,19148.24003314972,79149.30051231384,3631.561396607261,275.366,4025.3210079921296,132327.7822101537,136353.10321814584
2025-03-20,19191.63995361328,78926.05048942566,3631.561396607261,284.006,4038.2295949410013,132205.8535763274,136244.0831712684
2025-03-21,19028.530208587646,78581.86882972717,3631.561396607261,326.40599999999995,4099.062934563499,131578.98741027142,135678.05034483492
2025-03-24,19191.590139389038,79914.5696926117,3631.561396607261,326.40599999999995,4099.389316905837,133730.74365020124,137830.13296710709
2025-03-25,19364.979990959167,73555.24046134949,3631.561396607261,6716.760600000001,13247.342960000022,124667.3969208056,137914.7398808056
2025-03-26,19091.11981201172,72669.32921028137,3646.097396607261,6716.760600000001,13232.929642128332,122812.05167513508,136044.98131726342
2025-03-27,19094.76979827881,72323.01035499573,3646.097396607261,6716.760600000001,13247.706565412029,122480.51192821104,135728.21849362308
2025-03-28,19101.41982460022,71695.7899055481,3646.097396607261,6716.760600000001,13256.10270833009,121680.17212083079,134936.2748291609
2025-03-31,19197.97973060608,71428.64930534363,3651.554396607261,6716.760600000001,13262.63424807795,121405.94768413917,134668.58193221712
2025-04-01,19303.680070877075,71992.65928840637,3651.554396607261,6815.454600000002,13459.470554753218,122906.15528986792,136365.62584462113
2025-04-02,19366.42000770569,72741.19016456604,3651.554396607261,6815.454600000002,13392.269908248432,123328.85259015272,136721.12249840115
2025-04-03,19069.209829330444,69906.84980392456,3651.554396607261,6815.454600000002,13340.745783582195,118452.28649317265,131793.03227675485
2025-04-04,18655.440118789673,66970.54962158203,3651.554396607261,6815.454600000002,13248.39607996467,112956.67164129941,126205.06772126409
2025-04-07,18256.829949378967,66783.30027008057,3651.554396607261,6815.454600000002,13357.511821657354,113363.59936806724,126721.11118972459
2025-04-08,18073.090032577515,65430.68994522095,3651.554396607261,6815.454600000002,13355.262104685553,111231.99543652828,124587.25754121382
2025-04-09,18424.49015903473,69756.82015419006,3651.554396607261,6819.254600000002,13371.03799229463,117848.88607115745,131219.92406345208
2025-04-10,18100.479766845703,67405.14040184021,3651.554396607261,6819.254600000002,13267.590049069364,113150.49201647032,126418.08206553968
2025-04-11,18375.159992218018,67901.50004196167,3651.554396607261,6819.254600000002,13165.096472158559,113104.54253239336,126269.63900455192
2025-04-14,18485.23988056183,69573.56037330627,3651.554396607261,6819.254600000002,13112.520155502734,115010.90302507872,128123.42318058145
2025-04-15,18714.879760742188,69037.18959617615,3651.554396607261,6819.254600000002,13130.318193057043,114676.57231184212,127806.89050489916
2025-04-16,18669.5498418808,69089.78939819336,3651.554396607261,6819.254600000002,13169.18789094959,115098.16737631081,128267.3552672604
2025-04-17,18700.17972755432,68931.2297077179,3651.554396607261,6819.254600000002,13102.836670376808,114236.79592101494,127339.63259139175
2025-04-21,18576.64002609253,66647.77975654602,3651.554396607261,6819.254600000002,13102.836670376808,110948.46309882839,124051.2997692052
2025-04-22,18756.080201148987,67614.74103736877,3651.554396607261,6819.254600000002,13085.515815979728,112296.34167304022,125381.85748901995
2025-04-23,18766.519569396973,68611.63016700745,3651.554396607261,6819.254600000002,13094.244121872696,113773.72683978,126867.9709616527
2025-04-24,18875.329520225525,70894.27033996582,3651.554396607261,6819.254600000002,13112.656725810084,117234.752299452,130347.40902526208
2025-04-25,18922.29978466034,70750.4598197937,3666.090396607261,6819.254600000002,13116.213448601324,116968.28728631661,130084.50073491794
2025-04-28,19023.68986415863,71137.22894859314,3666.090396607261,6819.254600000002,13124.941754494292,117696.71413234195,130821.65588683623
2025-04-29,19013.180039405823,71473.97455787659,3666.090396607261,6819.254600000002,13097.187904117854,117862.40372210353,130959.59162622137
2025-04-30,19135.42994594574,71116.97005462646,3671.547396607261,6819.254600000002,13100.394745720561,117467.44625994793,130567.8410056685
2025-05-01,19106.440021514893,71435.64588928223,3671.547396607261,6924.5426000000025,13220.214753020033,117613.33923349333,130833.55398651336
2025-05-02,19148.329999923706,72297.45573616028,3671.547396607261,6924.5426000000025,13259.615252225693,119255.00150583293,132514.61675805863
2025-05-05,19143.999955177307,72224.12949180603,3671.547396607261,6924.5426000000025,13242.858215208347,118974.36159797644,132217.21981318478
2025-05-06,19254.850214004517,72491.24022483826,3671.547396607261,6924.5426000000025,13242.580857354267,119451.5167494918,132694.09760684607
2025-05-07,19237.849471092224,72212.83101463318,3671.547396607261,6924.5426000000025,13206.227167194469,118670.58587335731,131876.8130405518
2025-05-08,19193.220138549805,72556.86978340149,3671.547396607261,6924.5426000000025,13251.09805478998,119569.84424788252,132820.94230267248
2025-05-09,19253.639815330505,72175.34092330933,3671.547396607261,6924.5426000000025,13313.626566958794,119754.19148060023,133067.81804755903
2025-05-12,19340.239973068237,73698.9493484497,3671.547396607261,6925.5826000000025,13314.72879113837,121958.65898570996,135273.38777684834
2025-05-13,19424.879997253418,74191.20991325378,3671.547396607261,6925.5826000000025,13349.495370869907,123101.16416835968,136450.6595392296
2025-05-14,19349.350024223328,74045.95014572144,3671.547396607261,6931.2526000000025,13328.168795231852,122510.17071897957,135838.33951421143
2025-05-15,19415.880151748657,74339.24011230469,3671.547396607261,6931.2526000000025,13360.745304350838,123334.70281294985,136695.4481173007
2025-05-16,19444.270149230957,74641.19043159485,3671.547396607261,6956.2526000000025,13378.789373402771,123603.81388914124,136982.603262544
2025-05-19,19444.270149230957,74750.09059715271,3671.547396607261,6974.102600000003,13402.233625603947,123740.07979074215,137142.3134163461
2025-05-20,19490.72967815399,73981.26887130737,3671.547396607261,6974.102600000003,13405.232405386982,122745.64418760587,136150.87659299286
2025-05-21,19551.490098953247,72109.51926612854,3671.547396607261,6974.102600000003,13372.03632056392,119850.78781116629,133222.82413173022
2025-05-22,19399.020078659058,72374.96047782898,3686.083396607261,6982.842600000003,13364.86205354453,119716.50722486642,133081.36927841094
2025-05-23,19598.22985649109,72191.10044288635,3686.083396607261,7035.867600000002,13436.388744868955,119640.65713939955,133077.0458842685
2025-05-26,19696.230253219604,72191.10044288635,3686.083396607261,7035.867600000002,13351.395786874207,118866.59235293206,132217.98813980626
2025-05-27,19829.830310821533,73339.19061470032,3686.083396607261,7035.867600000002,13350.410266460092,120567.0742110488,133917.4844775089
2025-05-28,19792.959918022156,73154.27940368652,3686.083396607261,7035.867600000002,13402.616847444018,120819.02284418896,134221.63969163297
2025-05-29,19745.63968849182,73570.67028045654,3747.571396607261,7035.867600000002,13493.022113246068,121649.11231897058,135142.13443221664
2025-05-30,19728.449710845947,74017.30027961731,3753.0283966072607,7039.387600000003,13471.396116048154,121914.51795882762,135385.91407487576
2025-06-02,19774.66005706787,73495.0557346344,3753.0283966072607,7138.0116000000025,13550.805782879646,120655.44246986604,134206.2482527457
2025-06-03,19819.039964675903,74127.61029243469,3753.0283966072607,7138.0116000000025,13539.742156253727,121453.18463581672,134992.92679207044
2025-06-04,19760.88971710205,74693.9598903656,3753.0283966072607,7142.211600000002,13548.571714988764,122203.65684647785,135752.22856146662
2025-06-05,19789.109827041626,74952.17971992493,3753.0283966072607,7142.211600000002,13522.931262802418,122316.94804920643,135839.87931200885
2025-06-06,19712.829867362976,75224.49933815002,3753.0283966072607,7151.731600000003,13527.085511590394,122519.89731618739,136046.98282777777
2025-06-09,19729.529911994934,75556.9807395935,3753.0283966072607,7160.911600000003,13556.746314704378,123171.57294937462,136728.319264079
2025-06-10,19786.370120048523,75535.96845436096,3753.0283966072607,7160.911600000003,13562.689406401976,123262.33602693502,136825.025433337
2025-06-11,19646.729950904846,75331.38974761963,3753.0283966072607,7160.911600000003,13540.777136826333,122611.93274732195,136152.70988414827
2025-06-12,19868.299854278564,76589.3103427887,3753.0283966072607,7160.911600000003,13538.915332317218,124532.95337388507,138071.86870620228
2025-06-13,19888.09018802643,75937.38028717041,3755.848396607261,7178.461600000003,13516.043824689445,123136.35049764186,136652.3943223313
2025-06-16,16807.28027153015,72553.85053825378,6696.598396607261,11990.563600000003,22984.579837617024,115364.42991551133,138349.00975312834
2025-06-17,21597.470418930054,77692.80003738403,1866.5983966072608,6852.343600000003,11168.312273934422,127061.56248170094,138229.87475563536
2025-06-18,21652.559955596924,78015.58016967773,1866.5983966072608,6852.343600000003,11243.071576821385,128405.9625578581,139649.03413467947
2025-06-19,21650.55002975464,78015.58016967773,1866.5983966072608,6852.343600000003,11251.568585875473,128500.69312399314,139752.26170986862
2025-06-20,21650.099933624268,77781.18985748291,1866.5983966072608,6852.343600000003,11251.2255034103,128175.32770181842,139426.5532052287
2025-06-23,21904.790000915527,77913.17923736572,1866.5983966072608,6852.343600000003,11281.238684208736,128952.04259099548,140233.2812752042
2025-06-24,21891.179969787598,78661.18092727661,1866.5983966072608,6852.343600000003,11273.906521810208,129881.96526479644,141155.87178660664
2025-06-25,21673.869621276855,78581.571352005,1881.134396607261,6852.343600000003,11287.072642538555,129539.65256380218,140826.72520634075
2025-06-26,21615.93016242981,79514.79979324341,1891.2313966072609,6852.343600000003,11287.164704363737,130646.62089383492,141933.78559819865
2025-06-27,21603.36004638672,78945.19067955017,1891.2313966072609,6852.343600000003,11239.952472841034,129309.07520830656,140549.0276811476
2025-06-30,21734.199825286865,79297.34014320374,1896.688396607261,6852.343600000003,11271.653647700652,130224.0613591813,141495.71500688195
2025-07-01,21734.199825286865,78586.28008651733,1896.688396607261,6953.023600000003,11356.55535053731,128653.9798793537,140010.53522989101
2025-07-02,21660.170263290405,79044.02981567383,1896.688396607261,6953.023600000003,11383.602044469317,129510.211968935,140893.8140134043
2025-07-03,21650.660095214844,79205.93048477173,1896.688396607261,6953.023600000003,11343.831443867264,129268.55391064358,140612.38535451083
2025-07-04,21667.339994430542,79205.93048477173,1896.688396607261,6953.023600000003,11334.02762860485,129173.55285566831,140507.58048427317
2025-07-07,21632.610334396362,78585.55961227417,1896.688396607261,6953.023600000003,11355.094890400993,128534.90351159024,139889.99840199124
2025-07-08,21698.300102233887,78644.53960800171,1896.688396607261,6953.023600000003,11398.203330372486,129168.41821667817,140566.62154705066
2025-07-09,21731.68012046814,78885.52978897095,1896.688396607261,6956.823600000003,11405.553200265513,129555.57804541769,140961.1312456832
2025-07-10,21760.340314865112,82983.97986030579,1896.688396607261,6956.823600000003,11416.405655598937,135315.6165038388,146732.02215943774
2025-07-11,21620.49998474121,82676.70983505249,1896.688396607261,6956.823600000003,11397.135622576818,134526.29776933847,145923.43339191529
2025-07-14,27658.480396270752,66057.88987541199,0.0,23650.954499226667,32363.96560894757,118052.09542763804,150416.0610365856
2025-07-15,27455.690357208252,65451.07032394409,0.0,23650.954499226667,32412.92472408074,117154.42178007247,149567.34650415322
2025-07-16,27529.170204162598,65479.780195236206,0.0,23650.954499226667,32440.5944480034,117343.85374801363,149784.44819601704
2025-07-17,27516.77977371216,65701.76977539062,0.0,23650.954499226667,32376.50072129321,117457.90230188452,149834.40302317773
2025-07-18,27548.119720458984,65846.84996986389,0.0,23650.954499226667,32486.714413759146,117994.69387824016,150481.4082919993
2025-07-21,27553.06000518799,65881.51989555359,0.0,23650.954499226667,32458.571028371334,117968.86090053058,150427.4319289019
2025-07-22,27634.790300369263,66109.72956466675,0.0,23650.954499226667,32344.573683011145,118045.13797315436,150389.7116561655
2025-07-23,27603.28942680359,66296.340467453,0.0,23650.954499226667,32175.46808171125,117794.82003562295,149970.2881173342
2025-07-24,27420.2099609375,66303.48009109497,50.82,23650.954499226667,32219.665279439563,117602.88705367711,149822.55233311668
2025-07-25,27469.210285186768,66723.16006278992,50.82,23650.954499226667,32312.142041683626,118483.60695551368,150795.7489971973
2025-07-28,27391.610466003418,66561.97066688538,65.54,23650.954499226667,32472.31558327421,118595.49172385143,151067.80730712565
2025-07-29,27649.98028945923,66884.04959869385,65.54,23650.954499226667,32548.47076086489,119510.54144320311,152059.012204068
2025-07-30,27578.650470733643,66893.41071510315,65.54,23650.954499226667,32642.12885735835,119716.96726482238,152359.09612218072
2025-07-31,27265.409675598145,66416.66987991333,70.997,23650.954499226667,32768.91367777447,119087.78148810443,151856.69516587892
2025-08-01,27259.239931106567,65758.5593662262,70.997,23747.957499226664,32978.54140772721,118380.87481708452,151359.41622481172
2025-08-04,27259.239931106567,66669.75985336304,70.997,23747.957499226664,32791.64595878217,119118.83705221639,151910.48301099855
2025-08-05,27442.51004219055,66467.02033996582,70.997,23747.957499226664,32767.18348530017,118954.29972888388,151721.48321418406
2025-08-06,27465.22999191284,66250.71962356567,70.997,23747.957499226664,32773.59564852627,118697.1051582746,151470.70080680086
2025-08-07,27495.410034179688,66075.67943191528,70.997,23747.957499226664,32698.78990853227,118278.10512976012,150976.8950382924
2025-08-08,27439.23992919922,66188.11506462097,70.997,23747.957499226664,32682.87981699555,118332.0694466652,151014.94926366076
2025-08-11,27490.22977256775,66094.8797340393,70.997,23757.477499226665,32743.94329514883,118388.53562195273,151132.47891710157
2025-08-12,27564.930101394653,66758.82966995239,70.997,23757.477499226665,32793.833780391,119516.53931625704,152310.37309664805
2025-08-13,27684.08980178833,66797.53981399536,70.997,23763.147499226663,32791.90151059608,119661.63283844253,152453.53434903861
2025-08-14,27779.640153884888,66335.07879447937,70.997,23763.147499226663,32750.31618377086,119004.30696521232,151754.62314898317
2025-08-15,27823.629600524902,65506.39047431946,70.997,23763.147499226663,32895.26994219365,118308.26091701825,151203.5308592119
2025-08-18,27793.109844207764,65587.24971199036,70.997,23788.147499226663,32934.32290629851,118401.8956966157,151336.21860291422
2025-08-19,31373.67946624756,65422.23534011841,70.997,23788.147499226663,32903.63705900547,121670.1056527543,154573.74271175975
2025-08-20,31312.770038604736,65166.03944015503,70.997,23788.147499226663,33055.64273985277,121672.00146983178,154727.64420968454
2025-08-21,31464.389972686768,64872.630376815796,70.997,23796.887499226665,33083.94278854447,121460.89182023723,154544.8346087817
2025-08-22,31435.809776306152,65603.17106819153,70.997,23849.912499226666,33223.33032480729,122626.84431312303,155850.17463793032
2025-08-25,31178.590351104736,65442.66069030762,70.997,23849.912499226666,33052.56334005356,121677.93516408809,154730.49850414164
2025-08-26,30941.36036491394,65780.68945884705,85.717,23849.912499226666,33140.02484988364,122108.7874999539,155248.81234983754
2025-08-27,31225.139638900757,65899.87062454224,85.717,23849.912499226666,33078.25498306447,122387.06674155754,155465.32172462202
2025-08-28,31307.349811553955,66163.75999450684,85.717,23849.912499226666,32954.23476026603,122490.27220323746,155444.5069635035
2025-08-29,31381.120250701904,65510.339572906494,91.17399999999999,23853.432499226667,32889.16596991208,121456.52517735383,154345.6911472659
2025-09-02,31300.62963104248,65085.52994346619,91.17399999999999,23952.576499226667,33019.739125279346,120776.31136097829,153796.05048625765
2025-09-03,31463.150102615356,65551.25051116943,91.17399999999999,23956.776499226668,33114.39342897418,121822.27373278662,154936.6671617608
2025-09-04,31471.13015937805,66154.6303024292,152.66199999999998,23956.776499226668,33196.483677364544,122718.87406666092,155915.35774402547
2025-09-05,31517.620178222656,66559.21873855591,152.66199999999998,23956.776499226668,33248.948870763415,123469.18124639255,156718.13011715596
2025-09-08,31532.969886779785,66822.95971488953,152.66199999999998,23962.866499226668,33302.89063748379,123975.84990922808,157278.74054671187
2025-09-09,31555.10998725891,46685.56023979187,152.66199999999998,44012.61649922667,60868.067845815356,95957.84180730485,156825.9096531202
2025-09-10,31579.719841003418,46972.3801612854,152.66199999999998,44012.61649922667,61095.17180694562,96620.49601673956,157715.6678236852
2025-09-11,31670.0703830719,47471.26972198486,152.66199999999998,44012.61649922667,61156.348477542335,97467.62311120148,158623.97158874382
2025-09-12,31578.300441741943,47405.6201210022,152.66199999999998,44030.166499226674,61062.67527257566,97157.81513232659,158220.49040490226
2025-09-15,31412.489812850952,47847.229709625244,163.94199999999998,44030.166499226674,61097.29145901513,97628.27322565208,158725.56468466722
2025-09-16,31214.270212173462,47658.08982849121,163.94199999999998,44030.166499226674,60811.09512482752,96858.52507811987,157669.6202029474
2025-09-17,31228.550142288208,47659.79521179199,163.94199999999998,44030.166499226674,60656.10841470957,96707.3909568769,157363.49937158648
2025-09-18,31346.02982902527,48297.10987472534,163.94199999999998,44030.166499226674,60793.03923608444,97850.66525592074,158643.70449200517
2025-09-19,31476.21019935608,48368.97011566162,163.94199999999998,44030.166499226674,60889.46503029932,98185.72420407957,159075.1892343789
2025-09-22,31436.32013130188,48980.46042251587,163.94199999999998,44030.166499226674,60846.319854291134,98941.19333882118,159787.5131931123
2025-09-23,31454.440130233765,48762.63973617554,163.94199999999998,44030.166499226674,61035.20859504618,98868.30383458897,159903.51242963516
2025-09-24,31350.370012283325,48323.74987411499,178.66199999999998,44030.166499226674,61112.4471098191,98226.08783591879,159338.5349457379
2025-09-25,31363.140102386475,47736.570041656494,188.897,44030.166499226674,61373.218063739114,97697.87967148803,159071.09773522714
2025-09-26,31366.3998336792,48182.4699382782,188.897,44030.166499226674,61571.34994986525,98537.57880359302,160108.92875345825
2025-09-29,31548.229642868042,48056.05551338196,194.35399999999998,44030.166499226674,61564.48275603713,98529.72321535583,160094.20597139295
2025-09-30,31672.450302124023,47855.87090301514,194.35399999999998,44030.166499226674,61467.616062213405,98269.63927953571,159737.2553417491
2025-10-01,31650.220273971558,48508.30973434448,194.35399999999998,44050.64649922668,61528.26982156356,99190.76331560087,160719.03313716443
2025-10-02,31818.540018081665,48848.69973945618,194.35399999999998,44050.64649922668,61598.75204904548,99911.1843117932,161509.93636083868
2025-10-03,31846.409811019897,48865.38035392761,194.35399999999998,44050.64649922668,61693.022422146016,100066.88016804402,161759.90259019003
2025-10-06,31740.279649734497,49154.31008338928,194.35399999999998,44050.64649922668,61711.08145808032,100384.27325929281,162095.35471737312
2025-10-07,31705.739978790283,48469.00996208191,194.35399999999998,44050.64649922668,61627.38709497447,99300.62290822693,160928.0100032014
2025-10-08,31791.439767837524,48894.90015029907,194.35399999999998,44050.64649922668,61657.340203718086,100013.5162230097,161670.85642672778
2025-10-09,31770.229948043823,48960.44057273865,194.35399999999998,44050.64649922668,61665.26958559096,100092.56681846853,161757.8364040595
2025-10-10,31795.43999671936,47599.22982406616,194.35399999999998,44050.64649922668,61948.075453646285,98523.84953357093,160471.9249872172
2025-10-13,31795.43999671936,48681.14023399353,194.35399999999998,44050.64649922668,61858.65198085612,99941.73468253107,161800.38666338718
2025-10-14,32151.839796066284,49281.870222091675,3189.019175,41883.89649922668,61989.82261265119,101338.658745028,163328.48135767918
2025-10-15,35252.75020599365,57569.89034843445,15.619174999999814,34441.10349922667,48388.149302428625,116109.66163959324,164497.81094202187
2025-10-16,35037.760093688965,57100.56000709534,15.619174999999814,34441.10349922667,48391.59398429192,115241.20806282065,163632.80204711255
2025-10-17,35136.88062095642,56804.839780807495,15.619174999999814,34441.10349922667,48391.59398429192,114924.95995308088,163316.5539373728
2025-10-20,35179.22009277344,57235.729696273804,15.619174999999814,34441.10349922667,48287.92507243485,115400.24588608062,163688.1709585155
2025-10-21,35191.58029937744,56425.03019332886,15.619174999999814,34441.10349922667,48346.821331468105,114372.82781718206,162719.64914865018
2025-10-22,35411.980085372925,56316.72991371155,15.619174999999814,34441.10349922667,48301.70379988801,114367.47541296882,162669.17921285683
2025-10-23,35406.90977668762,57428.01985168457,15.619174999999814,34441.10349922667,48194.59020616766,115741.81846722239,163936.40867339005
2025-10-24,35325.000131607056,58289.49018287659,15.619174999999814,34441.10349922667,48187.01108492853,116852.17523772195,165039.18632265046
2025-10-27,35263.590393066406,58784.079652786255,66.4391749999998,34441.10349922667,48261.254100459,117522.50638549641,165783.7604859554
2025-10-28,35092.32960319519,58261.37036705017,81.1591749999998,34441.10349922667,48269.084736732424,116608.14335855222,164877.22809528463
2025-10-29,34402.810064315796,58960.17012214661,81.1591749999998,34441.10349922667,48088.26973165578,116586.8029656083,164675.07269726408
2025-10-30,34524.529846191406,57964.20012664795,81.1591749999998,34441.10349922667,48096.53450470799,115334.15967787786,163430.69418258587
2025-10-31,34718.16029167175,58019.570627212524,86.6161749999998,34441.10349922667,48239.06849322965,115835.90404264475,164074.9725358744
2025-11-03,34705.68982887268,58159.16004753113,86.6161749999998,34464.655499226676,48390.210855397876,116218.08138466145,164608.29224005932
2025-11-04,34629.83970451355,57333.779945373535,86.6161749999998,34464.655499226676,48528.067702519715,115214.76016529147,163742.8278678112
2025-11-05,34710.52982711792,58085.570304870605,86.6161749999998,34464.655499226676,48684.881201385615,116616.40989454514,165301.29109593076
2025-11-06,34604.460010528564,57201.20965576172,86.6161749999998,34464.655499226676,48689.70869722421,115271.32422289572,163961.03292011993
2025-11-07,34623.76952934265,57362.83055114746,86.6161749999998,34464.655499226676,48722.449390277616,115573.04985812583,164295.49924840344
2025-11-10,34675.96962738037,58477.129974365234,86.6161749999998,34474.17549922667,48501.457517218056,116800.0793082824,165301.53682550046
2025-11-11,34983.789836883545,58099.30033111572,86.6161749999998,34474.17549922667,48438.37040335022,116470.96247462307,164909.3328779733
2025-11-12,35511.03977394104,58272.12914657593,86.6161749999998,34474.17549922667,48404.93024664756,117184.08914943729,165589.01939608486
2025-11-13,35420.45024871826,56938.81018447876,86.6161749999998,34474.17549922667,48382.52447863196,115187.7402785894,163570.26475722136
2025-11-14,35420.32037734985,57055.42994308472,86.6161749999998,34474.17549922667,48472.8461898291,115500.47071721782,163973.31690704692
2025-11-17,35699.969413757324,56632.120319366455,86.6161749999998,34499.17549922667,48448.248454540924,115088.00517007013,163536.25362461107
2025-11-18,35547.540184020996,56636.14989852905,86.6161749999998,34499.17549922667,48559.684065708716,115124.16482426184,163683.84888997057
2025-11-19,35469.00988769531,57511.840145111084,101.3361749999998,34499.17549922667,48348.777386498215,115899.8922555516,164248.66964204982
2025-11-20,35241.489835739136,56462.5598487854,101.3361749999998,34507.91549922667,48559.07740334049,114529.04095726214,163088.11836060265
2025-11-21,35594.56995010376,56932.149574279785,101.3361749999998,34571.04049922667,48816.07950647243,115818.79848849782,164634.87799497024
2025-11-24,35531.1697845459,58359.98494720459,101.3361749999998,34571.04049922667,48827.83313800507,117787.23116501252,166615.0643030176
2025-11-25,35983.5103263855,87510.16572189331,101.3361749999998,6153.371499226672,8783.12800330665,159451.6028596537,168234.73086296036
2025-11-26,36189.63011932373,87804.17055511475,101.3361749999998,6157.451499226672,8784.69759430535,160012.8298876282,168797.52748193356
2025-11-27,36277.119983673096,87804.17055511475,101.3361749999998,6157.451499226672,8746.090059359762,159549.78312436456,168295.87318372432
2025-11-28,36356.0700378418,88135.7900352478,106.79317499999979,6157.451499226672,8743.234955518787,159975.33354564913,168718.56850116793
2025-12-01,36274.78955078125,87659.36840438843,106.79317499999979,6268.369499226672,8863.329218773513,158729.66702763486,167592.99624640838
2025-12-02,36198.60076332092,88187.57082748413,106.79317499999979,6268.369499226672,8882.510324467767,159661.19781924319,168543.70814371094
2025-12-03,36244.69980621338,88818.71033096313,106.79317499999979,6272.569499226672,8869.321988500727,160320.8871723304,169190.20916083112
2025-12-04,36513.94972419739,89301.42008972168,168.2811749999998,6272.569499226672,8920.46040076951,161117.11814462498,170037.5785453945
2025-12-05,36280.43984413147,89057.9594039917,168.2811749999998,6335.119499226672,9011.917859444146,160602.67826805077,169614.5961274949
2025-12-08,36562.740026474,88657.06061553955,168.2811749999998,6341.209499226672,8941.091153272115,159216.24108287855,168157.33223615066
2025-12-09,36401.409606933594,88860.3303642273,185.0811749999998,6341.209499226672,8967.022044778925,159464.07880637143,168431.10085115035
2025-12-10,36652.61995315552,89577.08043289185,185.0811749999998,6341.209499226672,8964.802631130113,160676.56446249003,169641.36709362015
2025-12-11,36663.42010688782,89813.90974807739,185.0811749999998,6341.209499226672,8929.228514538469,160511.41157806918,169440.64009260765
2025-12-12,36595.929834365845,88436.37899398804,185.0811749999998,6341.209499226672,8920.541354575205,158423.23537000793,167343.77672458312
2025-12-15,36851.060455322266,88504.53001785278,196.3611749999998,6341.209499226672,8926.811799312714,158702.33022382576,167629.14202313847
2025-12-16,36864.18010520935,88641.74535369873,196.3611749999998,6341.209499226672,8927.699262399807,158916.77077182132,167844.47003422113
2025-12-17,36896.16986465454,87387.86078643799,196.3611749999998,6341.209499226672,8919.39233576943,157107.7845110469,166027.17684681632
2025-12-18,37117.410106658936,88323.74858093262,196.3611749999998,6454.359499226672,9092.920840650575,158861.09346336307,167954.01430401363
2025-12-19,37149.74991226196,89131.33991622925,196.3611749999998,6499.671499226672,9150.958412287779,159945.99434778246,169096.95276007024
2025-12-22,37130.999837875366,90037.16021347046,196.3611749999998,6499.671499226672,9159.60309265869,161294.94391848764,170454.54701114632
2025-12-23,37256.86008644104,90273.35043334961,196.3611749999998,6499.671499226672,9132.564156483759,161370.9762209269,170503.54037741068
2025-12-24,37269.87053489685,90387.9013633728,196.3611749999998,6499.671499226672,9091.486234592188,160970.22779094364,170061.71402553582
2025-12-26,37269.87053489685,90195.06952285767,196.3611749999998,6499.671499226672,9082.712159077248,160584.57111764548,169667.28327672274
2025-12-29,37404.14965248108,89846.13000869751,206.4121749999998,6499.671499226672,9090.358114004977,160208.53475425887,169298.89286826385
2025-12-30,37360.979776382446,89719.38035583496,221.1321749999998,6499.671499226672,9117.362904475607,160161.69495807344,169279.05786254903
2025-12-31,37390.46010398865,89410.2177696228,226.58917499999978,6499.671499226672,9127.69430478155,159835.0710568291,168962.76536161065
2026-01-02,37471.77047729492,90393.17891693115,226.58917499999978,6499.671499226672,9141.538810371532,161455.05755902652,170596.59636939806
2026-01-05,37583.37014770508,91024.02945327759,226.58917499999978,6499.671499226672,9161.492781294906,162711.37532740514,171872.86810870006
2026-01-06,37423.0700340271,91939.04960250854,226.58917499999978,6499.671499226672,9178.261462175724,164046.12206580612,173224.38352798184
2026-01-07,37329.53933906555,91309.11933517456,226.58917499999978,6499.671499226672,9206.210038464973,163477.64899419202,172683.859032657
2026-01-08,37638.76996612549,91102.24996185303,226.58917499999978,6499.671499226672,9233.768879679688,163887.35606846778,173121.12494814748
2026-01-09,37921.43017959595,91939.04024505615,226.58917499999978,6499.671499226672,9237.798724853938,165386.63477635564,174624.43350120957
2026-01-12,38062.429626464844,92131.31046676636,226.58917499999978,6499.671499226672,9270.166881391971,166253.01056537213,175523.1774467641
2026-01-13,37958.79002571106,91623.92919921875,226.58917499999978,6499.671499226672,9245.338510162654,165093.40762119432,174338.74613135698
2026-01-14,38081.620151519775,91843.4303855896,226.58917499999978,6499.671499226672,9252.357615610363,165619.9942909326,174872.35190654296
2026-01-15,38070.38956451416,92283.44026184082,268.2231749999998,6499.671499226672,9292.757325404136,166202.25873034057,175495.01605574472
2026-01-16,37917.53978729248,91602.24026489258,268.2231749999998,6499.671499226672,9295.22668063781,165138.3915016977,174433.61818233551
2026-01-19,38059.11035346985,91602.24026489258,268.2231749999998,6499.671499226672,9302.376730871993,165380.7303327844,174683.1070636564
2026-01-20,37918.32009315491,90628.77082061768,268.2231749999998,6499.671499226672,9285.867615100458,163656.67954730865,172942.54716240912
2026-01-21,37923.35005760193,91005.07125473022,268.2231749999998,6499.671499226672,9259.21841400006,163810.66028143294,173069.878695433
2026-01-22,37823.49983024597,91192.9194984436,268.2231749999998,6499.671499226672,9265.848559194457,164063.68403580514,173329.5325949996
2026-01-23,37916.49975395203,90942.53860092163,268.2231749999998,6499.671499226672,9227.435247484438,163272.60272510996,172500.0379725944
2026-01-26,37839.479667663574,90686.90831756592,322.3431749999998,6499.671499226672,9228.128224960836,162097.77678588562,171325.90501084647
2026-01-27,37572.07989501953,91555.51014709473,337.06317499999983,6499.671499226672,9249.412510351385,163112.992247944,172362.4047582954
2026-01-28,37467.859382629395,92226.68977355957,337.06317499999983,6499.671499226672,9171.092031615839,162817.7695906636,171988.86162227945
2026-01-29,37595.60988807678,92022.33934402466,337.06317499999983,6499.671499226672,9136.253745022912,162174.5367898026,171310.7905348255
2026-01-30,37633.32976722717,90385.24005126953,342.5201749999998,6499.671499226672,9111.87702870118,159581.09657533932,168692.9736040405
2026-02-02,37894.5295753479,90023.07014083862,342.5201749999998,6584.611499226671,9321.16464725824,160648.18652089214,169969.35116815037
2026-02-03,38347.99995422363,90074.41067886353,342.5201749999998,6584.611499226671,9346.120462739773,161513.0477328896,170859.16819562938
2026-02-04,38684.039724349976,88742.9411315918,342.5201749999998,6584.611499226671,9323.535186771787,159724.08689876713,169047.62208553893
2026-02-05,38387.03990364075,87836.30045318604,342.5201749999998,6584.611499226671,9343.157288347838,158452.23522320786,167795.3925115557
2026-02-06,38550.969692230225,89397.6414642334,342.5201749999998,6584.611499226671,9371.471106491277,161134.8029626382,170506.2740691295
2026-02-09,38639.02945327759,90357.53060150146,342.5201749999998,6584.611499226671,9336.375347487887,162057.47928421892,171393.8546317068
2026-02-10,38912.07004356384,89914.229637146,342.5201749999998,6584.611499226671,9272.702028196501,160855.54718630592,170128.24921450243
2026-02-11,38817.08976364136,90372.79042816162,342.5201749999998,6584.611499226671,9265.986022872687,161290.30007489026,170556.28609776293
2026-02-12,38944.43968582153,89163.14042663574,342.5201749999998,6584.611499226671,9281.393744763891,159986.97035758648,169268.36410235037
2026-02-13,39449.700355529785,90564.24041366577,342.5201749999998,6584.611499226671,9304.6375911464,162713.97439610265,172018.61198724905
2026-02-17,39710.78970718384,91001.1296005249,342.5201749999998,6584.611499226671,9321.428389402794,163801.75394798216,173123.18233738496
2026-02-18,40074.09980201721,91422.69892501831,342.5201749999998,6584.611499226671,9322.415852551152,164753.63465433926,174076.0505068904
2026-02-19,40060.39012336731,91195.61949539185,342.5201749999998,6608.651499226671,9393.79503746188,164962.8181605954,174356.61319805728
2026-02-20,39787.49995994568,91918.66819000244,342.5201749999998,6608.651499226671,9387.64931097836,165594.74276628956,174982.39207726793
2026-02-23,40030.99094772339,91535.70896911621,342.5201749999998,6608.651499226671,9362.338466155577,164963.50738472148,174325.84585087706
2026-02-24,39931.29069519043,92273.05072784424,357.24017499999985,6671.776499226671,9493.437459186436,166288.16064745028,175781.59810663672
2026-02-25,39779.29998970032,92626.16944122314,374.04017499999986,6680.176499226671,9526.082688245928,166679.93512461495,176206.01781286087
2026-02-26,39573.84980201721,92251.02978515625,437.48017499999986,6680.176499226671,9573.156327174807,165734.51829923183,175307.67462640663
2026-02-27,39741.510385513306,92069.77088928223,442.93717499999985,6684.256499226671,9584.193053804061,165654.29283172352,175238.48588552757
2026-03-02,40093.32983589172,92206.57847213745,442.93717499999985,6759.586499226671,9682.210418866633,166124.9700084929,175807.18042735953
2026-03-03,39865.120542526245,91082.54110717773,442.93717499999985,6759.586499226671,9683.967880671358,164384.06252489417,174068.0304055655
2026-03-04,39784.580530166626,91592.67177963257,442.93717499999985,6763.7864992266705,9691.8060967494,165029.3107681025,174721.1168648519
2026-03-05,39571.15983772278,90792.78954315186,442.93717499999985,6763.7864992266705,9671.447671928621,163448.84453995374,173120.29221188236
2026-03-06,39340.80995178223,89627.63053894043,442.93717499999985,6773.306499226671,9701.979224582197,161860.88195195163,171562.86117653383
2026-03-09,39304.70979309082,90357.34889221191,442.93717499999985,6790.071499226671,9678.859934215605,162209.6740767528,171888.5340109684
2026-03-10,39406.2206363678,90434.96948242188,442.93717499999985,6790.071499226671,9668.878734515136,162283.82854909505,171952.7072836102
2026-03-11,39402.93053436279,90045.3006362915,442.93717499999985,6790.071499226671,9665.823100027317,161710.55806787114,171376.38116789845
2026-03-12,39056.74006271362,88618.19982147217,442.93717499999985,6790.071499226671,9678.588771949799,159592.55751223676,169271.14628418657
2026-03-13,39140.63986778259,88508.61988830566,464.24517499999985,6808.521499226671,9746.030403373685,159800.9037380409,169546.9341414146
2026-03-16,39743.64035987854,88999.67067718506,464.24517499999985,6808.521499226671,9799.88589829724,161777.32271343272,171577.20861172996
2026-03-17,39671.71941757202,89763.89918136597,464.24517499999985,6808.521499226671,9781.025842602954,162504.63705418393,172285.66289678687
2026-03-18,39471.58020210266,89410.94987869263,464.24517499999985,6808.521499226671,9784.77074499885,161870.70087417442,171655.47161917327
2026-03-19,38980.819805145264,89307.43083572388,464.24517499999985,6808.521499226671,9811.936302690796,161594.55891939736,171406.49522208815
2026-03-20,38551.53978919983,87668.09981918335,464.24517499999985,6808.521499226671,9816.293992539857,158970.6864927952,168786.98048533508
2026-03-23,38914.7499256134,88531.22035598755,464.24517499999985,6808.521499226671,9798.592145714001,160289.28456391755,170087.87670963156
2026-03-24,38764.36029243469,88366.30934906006,464.24517499999985,6808.521499226671,9812.821800851594,160097.48881192668,169910.31061277827
2026-03-25,39033.189390182495,89019.01055908203,464.24517499999985,6808.521499226671,9830.86453606199,161498.42474267207,171329.28927873407
2026-03-26,38881.249769210815,87267.33838653564,478.9651749999999,6808.521499226671,9884.393055364062,159434.09778461538,169318.49083997944
2026-03-27,38704.06010055542,86546.42956161499,478.9651749999999,6808.521499226671,9910.061139081055,158587.30973660073,168497.37087568178
2026-03-30,38844.92960357666,85945.5294456482,478.9651749999999,6808.521499226671,9942.46988478286,158304.92143676028,168247.39132154314
2026-03-31,39305.23977851868,87396.55958938599,484.5291749999999,6808.521499226671,9967.642271645116,161033.79111495314,171001.43338659825
2026-04-01,39458.76963806152,88253.28987121582,484.5291749999999,6897.273499226671,10073.739699265048,162156.43794554018,172230.17764480523
2026-04-02,39701.46912574768,88254.86951828003,484.5291749999999,6897.273499226671,10055.461769257136,162167.45621022728,172222.91797948442
2026-04-06,39791.67964172363,88499.60092926025,484.5291749999999,6897.273499226671,10103.25983066739,163210.5674918356,173313.82732250297
2026-04-07,39692.459814071655,88560.70866775513,484.5291749999999,6897.273499226671,10079.740254064767,162894.57628428948,172974.31653835424
2026-04-08,40138.82990074158,90399.50857925415,484.5291749999999,6897.273499226671,10031.734993447946,165269.8275898223,175301.56258327025
2026-04-09,40032.409870147705,90315.93943023682,484.5291749999999,6897.273499226671,10037.59823766236,165124.5070492751,175162.10528693747
2026-04-10,40229.66017150879,90500.3987236023,484.5291749999999,6897.273499226671,10018.423266645063,165325.6443715285,175344.06763817355
2026-04-13,40168.66026306152,91236.16952514648,484.5291749999999,6897.273499226671,10052.909601252433,166737.85876570753,176790.76836695996
2026-04-14,40099.30056762695,91945.49956512451,484.5291749999999,6897.273499226671,9992.420588439925,166846.1703151741,176838.590903614
2026-04-15,40096.67003250122,91848.65078735352,484.5291749999999,6897.273499226671,9979.385127245798,166536.44492787527,176515.83005512107
2026-04-16,39833.71036911011,92199.19939804077,484.5291749999999,6897.273499226671,9955.38208582785,166435.19370782888,176390.57579365672
2026-04-17,40041.99973106384,93153.24039077759,484.5291749999999,6897.273499226671,9934.07016743806,167665.67070043815,177599.74086787621
2026-04-20,39957.20040893555,92768.33902740479,484.5291749999999,6897.273499226671,9937.242288624317,167096.20612645798,177033.4484150823
2026-04-21,39783.68039894104,91849.15021514893,484.5291749999999,6897.273499226671,9895.169338624099,165102.663632872,174997.8329714961
2026-04-22,39794.449964523315,93076.20079803467,484.5291749999999,6897.273499226671,9904.549213816643,166914.19905852596,176818.7482723426
2026-04-23,39724.28974914551,92773.55884170532,538.6491749999999,6897.273499226671,9967.014737414498,166542.956195219,176509.9709326335
2026-04-24,39695.13000679016,93447.2208518982,538.6491749999999,6897.273499226671,9986.810483832425,167702.87343900508,177689.68392283752
2026-04-27,39486.29080963135,93453.22056770325,553.3691749999999,6897.273499226671,9986.080165218898,167292.9119069623,177278.99207218122
2026-04-28,39772.57951927185,92372.47867393494,553.3691749999999,6897.273499226671,9948.489953608385,165597.7470812585,175546.2370348669
2026-04-29,39586.76911354065,91863.83927154541,553.3691749999999,6897.273499226671,9988.149690627351,165247.31613216712,175235.46582279447
2026-04-30,39744.05001068115,94175.43005752563,558.9331749999999,6897.273499226671,9988.40297763045,168494.10957794933,178482.51255557977
2026-05-01,39443.26972579956,94040.72078704834,558.9331749999999,7005.549499226671,10072.189073021902,167146.8055841038,177218.9946571257
2026-05-04,39239.019815444946,93677.00964355469,558.9331749999999,7005.549499226671,10078.143525528145,166528.27241495723,176606.41594048537
2026-05-05,39616.41032791138,94626.15048599243,558.9331749999999,7005.549499226671,10101.26233460673,168507.6379387498,178608.90027335653
2026-05-06,39390.57036781311,96086.929895401,558.9331749999999,7005.549499226671,10088.932525798571,170102.4266789394,180191.35920473796
2026-05-07,39315.599756240845,94971.65069198608,558.9331749999999,7005.549499226671,10112.331102281027,168827.49185998412,178939.82296226514
2026-05-08,39470.57942008972,96701.20971679688,558.9331749999999,7005.549499226671,10129.004404425084,171571.2040839332,181700.2084883583
2026-05-11,39234.36948013306,96471.47024345398,558.9331749999999,7005.549499226671,10144.62628220654,171236.27846055472,181380.90474276125
2026-05-12,39230.51014328003,96029.63975715637,558.9331749999999,7005.549499226671,10141.404363865855,170583.69754873583,180725.10191260168
2026-05-13,39144.12033843994,96374.2402420044,558.9331749999999,7013.949499226671,10166.150192608922,171150.80801336543,181316.95820597434
2026-05-14,40274.35972213745,96669.73196029663,558.9331749999999,7013.949499226671,10171.340874840254,172757.33182495937,182928.67269979962
2026-05-15,39993.60966491699,95230.52038574219,558.9331749999999,7024.624499226671,10199.317131695821,170685.11936989424,180884.43650159007
2026-05-18,39993.60966491699,94710.51974105835,558.9331749999999,7024.624499226671,10225.72958073744,170327.59576185053,180553.32534258798
2026-05-19,40173.85978889465,93551.37059783936,558.9331749999999,7041.514499226671,10233.058806691693,168701.28272892273,178934.34153561443
2026-05-20,40756.150186538696,95199.08995246887,558.9331749999999,7041.514499226671,10238.973317318672,171627.2876887495,181866.26100606818
2026-05-21,41022.259925842285,95178.09944915771,573.8371749999999,7051.584499226671,10268.144316300817,171870.26001526864,182138.40433156944
2026-05-22,41118.55972671509,95629.76834106445,573.8371749999999,7114.709499226671,10374.989414448115,172857.16665589547,183232.1560703436
2026-05-25,41088.62983894348,95629.76834106445,573.8371749999999,7114.709499226671,10393.63067174414,173077.7964173968,183471.42708914095
2026-05-26,41165.99917602539,96030.65065383911,573.8371749999999,7114.709499226671,10395.053001626547,173727.66541766791,184122.71841929446
2026-05-27,41105.9907875061,96194.2207698822,590.6371749999998,7114.709499226671,10414.485626525171,173929.04517343623,184343.5307999614
2026-05-28,40983.84049034119,97036.10840034485,654.0771749999999,7114.709499226671,10503.040732355734,175311.89639852644,185814.93713088217
2026-05-29,41321.46919631958,96609.53128623962,659.6411749999999,7118.789499226671,10471.397960957971,174477.42559718716,184948.82355814514
2026-06-01,40980.00008773804,94992.98042106628,659.6411749999999,7254.147499226671,10667.68046880925,172035.1627779691,182702.84324677833
2026-06-02,41485.77960586548,95622.89926338196,659.6411749999999,7254.147499226671,10698.800650614703,173820.21798447153,184519.01863508622
2026-06-03,41754.28995895386,94563.31032371521,659.6411749999999,7258.347499226671,10708.460071269663,172672.46104073303,183380.9211120027
2026-06-04,42068.82074356079,95263.39107513428,659.6411749999999,7258.347499226671,10743.80863808622,174420.1567474485,185163.9653855347
2026-06-05,42098.620040893555,92996.11958312988,659.6411749999999,7258.347499226671,10753.098960997864,171419.0207759008,182172.11973689866
2026-06-08,42097.44094276428,93602.73029136658,659.6411749999999,7274.247499226672,10803.1432571305,172620.83730843838,183423.98056556887
2026-06-09,42315.0304145813,93801.44933891296,659.6411749999999,7274.247499226672,10811.799227052717,173227.14734509517,184038.9465721479
2026-06-10,42359.41022109985,92334.18099975586,659.6411749999999,7274.247499226672,10809.980796985908,171200.68156429747,182010.66236128338
2026-06-11,42419.409214019775,94865.5211982727,659.6411749999999,7274.247499226672,10804.888845935691,174726.4565190769,185531.3453650126
2026-06-12,42363.94966316223,94998.73119544983,659.6411749999999,7292.697499226671,10849.290140118932,175099.9808938523,185949.27103397125
2026-06-15,42250.81959724426,95990.44110488892,672.0411749999998,7292.697499226671,10855.272544620455,176288.0357503432,187143.30829496364
2026-06-16,42369.42998313904,95589.8085269928,672.0411749999998,7292.697499226671,10874.525331115887,176099.57676164078,186974.10209275666
2026-06-17,42149.88041305542,95204.43947792053,672.0411749999998,7292.697499226671,10878.681728308818,175395.15665458623,186273.83838289505
2026-06-18,42283.36060714722,96237.45931243896,672.0411749999998,7292.697499226671,10954.599222822506,177976.25913475588,188930.85835757837
2026-06-19,41880.46957588196,96237.45931243896,672.0411749999998,7292.697499226671,10984.426002009346,177966.97464602432,188951.40064803365
2026-06-22,42083.65983390808,96076.22022819519,672.0411749999998,7292.697499226671,11008.92970652304,178264.980824423,189273.91053094604
2026-06-23,42597.509073257446,94461.43098449707,672.0411749999998,7292.697499226671,10997.334219018476,176339.78432541012,187337.11854442858
2026-06-24,43049.880098342896,93928.38772201538,672.0411749999998,7292.697499226671,11034.672245171836,176518.35717181512,187553.02941698694
2026-06-25,43182.81930732727,95521.51006507874,697.4101749999999,7292.697499226671,11078.710692927158,179159.59635271286,190238.30704564002
2026-06-26,43466.94062614441,94536.61939239502,697.4101749999999,7292.697499226671,11053.478467006296,177714.61600646385,188768.09447347015
2026-06-29,43481.410413742065,96272.8702468872,697.4101749999999,7292.697499226671,11045.602089978904,180090.68806803875,191136.29015801765
2026-06-30,43418.11960411072,96549.09911346436,702.9741749999998,7292.697499226671,11065.167958456075,180604.73330060852,191669.9012590646
2026-07-01,43418.11960411072,94475.92022705078,702.9741749999998,7432.353499226671,11260.63261834936,177621.1680708052,188881.80068915457
2026-07-02,43392.35966873169,93988.3908958435,702.9741749999998,7432.353499226671,11269.774423927238,177018.47855796464,188288.25298189188
2026-07-03,43522.06005477905,93988.3908958435,702.9741749999998,7432.353499226671,11249.706397532693,176894.40179126023,188144.10818879292
2026-07-06,43392.8708190918,94592.4793586731,702.9741749999998,7432.353499226671,11260.038108604958,177753.92513810724,189013.9632467122
2026-07-07,43505.26036071777,93083.82936477661,702.9741749999998,7432.353499226671,11262.712959451983,175756.89818322123,187019.6111426732
2026-07-08,43208.32997131348,92884.79817581177,702.9741749999998,7432.353499226671,11259.51713732372,175137.24893241367,186396.76606973738
2026-07-09,43361.630281448364,93415.49856948853,702.9741749999998,7432.353499226671,11232.389418465084,175703.36762155293,186935.757040018
2026-07-10,43460.859659194946,93760.5799293518,702.9741749999998,7432.353499226671,11228.970322930578,176248.34121087068,187477.31153380126
2026-07-13,43542.959285736084,92953.78105545044,702.9741749999998,7432.353499226671,11229.713681612478,175197.11693946295,186426.83062107544
2026-07-14,43723.090297698975,93281.14045715332,702.9741749999998,7432.353499226671,11219.308432077047,175710.30713700116,186929.61556907822
2026-07-15,43903.84042930603,93517.68273544312,702.9741749999998,7432.353499226671,11146.546109797773,175310.2175512791,186456.76366107687
2026-07-16,43965.11044692993,92459.13990020752,702.9741749999998,7432.353499226671,11135.84316238735,173750.93042518452,184886.77358757186
2026-07-17,43906.35943412781,91049.4806175232,702.9741749999998,7432.353499226671,11135.7687379186,171712.5148385895,182848.2835765081
2026-07-20,43572.230112075806,91136.35887145996,702.9741749999998,7432.353499226671,11122.46447812432,171337.1981833657,182459.66266149
2026-07-21,43594.89932823181,92370.54901123047,702.9741749999998,7432.353499226671,11161.261776481524,173572.27023324976,184733.53200973128
2026-07-22,43522.79047012329,92220.68047523499,702.9741749999998,7432.353499226671,11186.382692700709,173600.97731939345,184787.36001209417
2026-07-23,43429.200231552124,91484.3302822113,702.9741749999998,7432.353499226671,11171.815874954453,172289.4558491665,183461.27172412095
2026-07-24,43671.390172958374,91263.25077438354,702.9741749999998,7432.353499226671,11171.369328141964,172214.76101315627,183386.13034129824
2026-07-27,43979.149576187134,91243.0207080841,761.0541749999999,7432.353499226671,11230.639233636351,172508.63440351677,183739.27363715312
2026-07-28,44227.39972305298,90336.49906921387,775.9581749999999,7432.353499226671,11273.563160114385,171820.4808467417,183094.0440068561
2026-07-29,43758.369358062744,88819.79063987732,775.9581749999999,7432.353499226671,11260.110051382608,169048.45072917495,180308.56078055754
2026-07-30,44080.82021903992,90349.60054969788,775.9581749999999,7432.353499226671,11207.860530299205,170893.70807115885,182101.56860145804
2026-07-31,43693.69958114624,91197.42988967896,781.5221749999998,7432.353499226671,11195.140919143452,171472.23775424092,182667.37867338437
2026-08-03,43693.69958114624,92693.58979034424,781.5221749999998,7572.279499226672,11392.557084857697,173585.22264046024,184977.77972531793
2026-08-04,44171.03935241699,93527.96986198425,781.5221749999998,7572.279499226672,11417.772717240496,175543.22658623167,186960.99930347217
2026-08-05,43730.220262527466,92891.42023468018,781.5221749999998,7572.279499226672,11432.312281598974,174386.6520179189,185818.9642995179
2026-08-06,43479.48031425476,92621.50869750977,781.5221749999998,7572.279499226672,11390.437577990268,173244.07106523786,184634.50864322812
2026-08-07,43407.270025253296,93340.53167915344,781.5221749999998,7572.279499226672,11393.087864260615,174211.89543362643,185604.98329788705
2026-08-10,42858.7301235199,93024.3408164978,781.5221749999998,7572.279499226672,11345.533459966271,172636.0562592485,183981.58971921477
2026-08-11,43060.11958503723,93271.2186088562,781.5221749999998,7581.799499226672,11345.69846725082,173020.5064928583,184366.2049601091
2026-08-12,43323.52989768982,93833.61103248596,781.5221749999998,7590.199499226672,11346.320428002053,173930.52777829676,185276.8482062988
2026-08-13,43910.110483169556,93791.9301147461,781.5221749999998,7590.199499226672,11362.715807894161,174661.69004944043,186024.40585733458
2026-08-14,43418.540115356445,93739.77937889099,781.5221749999998,7590.199499226672,11352.468695461594,173970.8654863938,185323.3341818554
2026-08-17,42936.45972061157,94098.36073303223,781.5221749999998,7590.199499226672,11311.709165770653,173482.8747581577,184794.58392392835
